source,target
/ai-assessment-tool,/ai-assessment
/lms,/ai-lms
/ai-onboarding-coursebox,/ai-onboarding
/contact-8,https://calendly.com/courseboxai
/lxp-demo,https://calendly.com/courseboxai
/ai-lxp-learning-experience-platform,/ai-lxp
/edtech-or-ai-business-listings*,/
/edutech-competition,/
/hr,/ai-onboarding
/generative-ai-course,/free-generative-ai-course
/services,/contact
/ai-agency,/contact
/webinar,https://www.youtube.com/channel/UChZ26y9B2waBHvY8c_uG0ow
/affiliate-program-copy,/ai-lms
/about-us,/about
/edtech-ai-directory,/
/free-generative-ai-course,/free-practical-generative-ai-course
/post/best-online-coaching-platform,/blog/best-online-coaching-platform
/post/lti-in-course-authoring,/blog/lti-in-course-authoring
/post/what-is-sora,/blog/what-is-sora
/post/generative-ai-s-role-in-enhancing-online-education,/blog/generative-ai-s-role-in-enhancing-online-education
/post/ai-powered-instructional-design-the-future-is-here,/blog/ai-powered-instructional-design-the-future-is-here
/post/the-evolution-of-learning-leveraging-ai-powered-lms-for-an-enhanced-educational-experience,/blog/the-evolution-of-learning-leveraging-ai-powered-lms-for-an-enhanced-educational-experience
/post/lms-integrations-and-more-now-live,/blog/lms-integrations-and-more-now-live
/post/best-ai-lms,/blog/best-ai-lms
/post/best-ai-quiz-generators,/blog/best-ai-quiz-generators
/post/how-to-market-online-courses-in-2023-step-by-step-guide,/blog/how-to-market-online-courses-in-2023-step-by-step-guide
/post/coursebox-ai-receives-ai-software-award-from-top-b2b-review-platform,/blog/coursebox-ai-receives-ai-software-award-from-top-b2b-review-platform
/post/coursebox-attracts-over-11-000-course-creators-with-ai-powered-course-building-tool,/blog/coursebox-attracts-over-11-000-course-creators-with-ai-powered-course-building-tool
/post/how-ai-revolutionizes-course-creation-in-learning-management-systems,/blog/how-ai-revolutionizes-course-creation-in-learning-management-systems
/post/what-is-an-ai-based-lms,/blog/what-is-an-ai-based-lms
/post/benefits-of-using-an-ai-lms,/blog/benefits-of-using-an-ai-lms
/post/chatgpt-prompts-for-l-d-managers-and-e-learning-specialists-maximizing-the-power-of-your-lms,/blog/chatgpt-prompts-for-l-d-managers-and-e-learning-specialists-maximizing-the-power-of-your-lms
/post/best-chatgpt-prompts-for-creating-a-course,/blog/best-chatgpt-prompts-for-creating-a-course
/post/what-is-the-ai-for-creating-training-materials,/blog/what-is-the-ai-for-creating-training-materials
/post/how-ai-can-be-used-in-training,/blog/how-ai-can-be-used-in-training
/post/can-ai-create-a-course,/blog/can-ai-create-a-course
/post/what-is-the-best-ai-to-create-online-courses,/blog/what-is-the-best-ai-to-create-online-courses
/post/how-can-i-create-an-online-course-with-ai,/blog/how-can-i-create-an-online-course-with-ai
/post/the-future-of-chatgpt,/blog/the-future-of-chatgpt
/post/10-steps-to-market-your-paid-online-course,/blog/10-steps-to-market-your-paid-online-course
/post/streamlining-hr-documentation-with-chat-gpt-a-revolution-in-human-resources-management,/blog/streamlining-hr-documentation-with-chat-gpt-a-revolution-in-human-resources-management
/post/how-ai-is-revolutionizing-employee-training-programs-a-hr-manager-s-guide,/blog/how-ai-is-revolutionizing-employee-training-programs-a-hr-manager-s-guide
/post/create-a-course-with-chatgpt,/blog/create-a-course-with-chatgpt
/post/using-ai-with-coursebox,/blog/using-ai-with-coursebox
/post/why-you-should-use-microlearning-to-enhance-your-online-learning-experience,/blog/why-you-should-use-microlearning-to-enhance-your-online-learning-experience
/post/how-to-build-an-elearning-shop,/blog/how-to-build-an-elearning-shop
/post/how-to-sell-online-courses-in-2024,/blog/how-to-sell-online-courses-in-2024
/post/uncovering-secrets-of-building-a-vibrant-online-community-for-training-companies,/blog/uncovering-secrets-of-building-a-vibrant-online-community-for-training-companies
/post/10-practical-tips-for-converting-face-to-face-workshops-to-virtual-training-in-2020,/blog/10-practical-tips-for-converting-face-to-face-workshops-to-virtual-training-in-2020
/post/3-step-guide-on-how-to-create-a-learning-community-using-opentute-as-your-online-academy,/blog/3-step-guide-on-how-to-create-a-learning-community-using-opentute-as-your-online-academy
/post/the-challenge-of-scaling-your-face-to-face-training-business,/blog/the-challenge-of-scaling-your-face-to-face-training-business
/post/the-future-of-learning,/blog/the-future-of-learning
/post/the-5-1-learning-cycle,/blog/the-5-1-learning-cycle
/post/social-learning-management-system,/blog/social-learning-management-system
/post/top-5-advantages-of-elearning-for-your-employees,/blog/top-5-advantages-of-elearning-for-your-employees
/post/how-learning-online-help-students,/blog/how-learning-online-help-students
/post/social-emotional-learning-how-it-can-impact-your-organisation,/blog/social-emotional-learning-how-it-can-impact-your-organisation
/post/how-learning-online-helps-grow-your-leadership-skills,/blog/how-learning-online-helps-grow-your-leadership-skills
/account/my-subscriptions,https://pricing.coursebox.ai/account/my-subscriptions
/privacy,/privacy-policy
/refer-friends,/
/ai-learning-and-development,/ai-in-learning-and-development
/user-manual,https://docs.google.com/document/d/1-kxLBSY26_wx-I5biH-EvlTWpNzVSwdvd06gLXMziQU/edit#heading=h.f8w3vu8ssiz2
/plans-pricing/payment/eyJpbnRlZ3JhdGlvbkRhdGEiOnt9LCJwbGFuSWQiOiI1M2E5ODE5Mi0yMDE5LTQ2YjktOWExOC1kNDY3MzMyYjM4OWYifQ,/pricing
/ai-infographics,/ai-infographics-maker
/sign-up,/pricing
/post/top-10-ai-quiz-generators-in-2023,/blog/best-ai-quiz-generators
/post/coursebox-attracts-over-11-000-course-,/
/plans-pricing,/pricing
/post/coursebox-,/
/ai-flowchart-generator,/ai-infographics-maker
/post/top-5-ai-powered-learning-management-systems,/blog/best-ai-lms
/search?type=pages,/
/post/what-is-the-best-ai-tool-for-course-creators,/blog/what-is-the-ai-for-creating-training-materials
/submit-edtech-ai-directory-listing,/
/post/coursebox-marketing-team-welcomes-three-new-brands-embarking-on-comprehensive-digital-growth,/
/blog/page/2,/blog
/definitions,/user-agreement
/edtech-ai-directory/coursebox-lms,/
/edtech-ai-directory/elevenlabs,/
/old-home,/
/copy-of-user-agreement,/user-agreement
/blog/page/3,/
/copy-of-features,/
/copy-of-ai-instructional-design,/ai-instructional-design-tool
/integration-category/social-media,/integrations
/category/professional,/
/copy-of-ai-onboarding,/ai-onboarding
/blog-category/articles,/
/blog-category/resources,/
/integrations/google,/
/category/advanced,/
/product/professional,/
/blog-category/guides,/
/product/advanced,/
/product/basic,/
/integrations/webflow,/
/career/ui-ux-design-lead,/
/integration-category/streaming,/
/copy-of-case-studies,/
/copy-of-services,/
/edtech-ai-directory/chatgpt,/
/ai-tutor-chatbot,/ai-chatbot-tutor
/blog/best-chatgpt-prompts-for-creating-a-course,/blog/best-chatgpt-prompts-for-course-creators
/how-to-market-online-courses-in-2023-step-by-step-guide,/how-to-market-an-online-course
/from-yawn-to-yes-the-ultimate-guide-to-crafting-engaging-training-courses,/engaging-training-courses
/blog/from-yawn-to-yes-the-ultimate-guide-to-crafting-engaging-training-courses,/blog/engaging-training-courses
/pt/blog/from-yawn-to-yes-the-ultimate-guide-to-crafting-engaging-training-courses,/blog/engaging-training-courses
/ai-lxp,/learning-experience-platform
/ar/ai-diagram-generator-from-text,/ar/mwld-mkhttt-ldhk-lstnaay-mn-lns
/ar/ai-rubric-generator,/ar/mwld-maayyr-ldhk-lstnaay
/ar/ai-syllabus-generator,/ar/mwld-mnhj-ldhk-lstnaay
/ar/ai-flashcard-maker,/ar/snaa-btqt-ldhk-lstnaay
/ar/ai-quiz-generator,/ar/mwld-khtbr-ldhk-lstnaay
/ar/ai-curriculum-generator,/ar/mwld-lmnhj-ldrsy-bldhk-lstnaay
/ar/rto-lms,/ar/nzm-dr-ltaalm-rto
/ar/affiliate-program,/ar/brnmj-lshrk
/ar/ai-generated-training-videos,/ar/mqtaa-fydyw-tdryby-tm-nshw-h-bwst-ldhk-lstnaay
/ar/ai-lesson-planner,/ar/mkhtt-drs-ldhk-lstnaay
/ar/ai-assessment,/ar/tqyym-ldhk-lstnaay
/ar/ai-chatbot-tutor,/ar/mdrs-rwbwt-ldrdsh-bldhk-lstnaay
/ar/ai-instructional-design-tool,/ar/d-tsmym-taalymy-lldhk-lstnaay
/ar/ai-in-learning-and-development,/ar/ldhk-lstnaay-fy-ltaalm-wlttwyr
/ar/ai-for-personalized-learning,/ar/ldhk-lstnaay-lltaalm-lshkhsy
/ar/ai-course-writer,/ar/ktb-dwrt-ldhk-lstnaay
/ar/ai-for-employee-training,/ar/ldhk-lstnaay-ltdryb-lmwzfyn
/ar/ai-onboarding,/ar/dmj-ldhk-lstnaay
/ar/ai-infographics-maker,/ar/snaa-lrswm-lbyny-bldhk-lstnaay
/ar/enterprise,/ar/lmw-ss-wlhzm
/ar/compliance-training-software,/ar/brnmj-tdryb-lmtthl
/ar/ai-course-outline-generator,/ar/mwld-mkhttt-dwrt-ldhk-lstnaay
/ar/mulitlingual-support,/ar/daam-mtaadd-llgt
/ar/free-practical-generative-ai-course,/ar/dwr-mjny-fy-ldhk-lstnaay-ltwlydy-laamly
/ar/mobile-apps,/ar/ttbyqt-ljwl
/ar/ai-grading-tool,/ar/d-tsnyf-ldhk-lstnaay
/ar/small-business-lms,/ar/nzm-dr-ltaalm-llshrkt-lsgyr
/ar/sell-courses,/ar/byaa-ldwrt
/ar/ai-referencing-tool,/ar/d-mrjaay-lldhk-lstnaay
/ar/text-to-speech,/ar/thwyl-lns-l-klm
/ar/analytics,/ar/lthlylt
/ar/thank-you-lms,/ar/shkr-lk-lms
/ar/ai-lms,/ar/nzm-dr-ltaalm-bldhk-lstnaay
/ar/ai-elearning-authoring-tool,/ar/d-t-lyf-ltaalm-llktrwny-bldhk-lstnaay
/ar/elearning-development-services,/ar/khdmt-ttwyr-ltaalm-llktrwny
/ar/partners,/ar/lshrk
/ar/scorm-consultant,/ar/mstshr-scorm
/ar/scorm-authoring-tool,/ar/d-t-lyf-scorm
/ar/manage-subscription,/ar/dr-lshtrk
/ar/ai-learning-platform,/ar/mns-ltaalm-bldhk-lstnaay
/ar/learning-experience-platform,/ar/mns-tjrb-ltaalm
/ar/branded-lms,/ar/nzm-dr-ltaalm-dhw-laalm-ltjry
/ar/lms-login,/ar/tsjyl-ldkhwl-l-nzm-dr-ltaalm
/ar/ai-citation-tool,/ar/d-lstshhd-bldhk-lstnaay
/ar/sales-training-software,/ar/brnmj-tdryb-lmbyaat
/ar/elearning-consultant,/ar/mstshr-ltaalm-llktrwny
/ar/leadership-training-software,/ar/brnmj-tdryb-lqyd
/ar/powerpoint-to-scorm-tool,/ar/d-powerpoint-l-scorm
/ar/elearning-design-agency,/ar/wkl-tsmym-ltaalym-llktrwny
/ar/learning-and-development-consultant,/ar/mstshr-ltaalm-wlttwyr
/ar/scorm-agency,/ar/wkl-scorm
/ar/social-learning-lms,/ar/nzm-dr-ltaalm-ljtmaay
/ar/adult-learning-software,/ar/brmj-taalym-lkbr
/ar/microlearning-software,/ar/brnmj-ltaalm-lmsgr
/ar/elearning-ppc-agency,/ar/wkl-ltaalm-llktrwny-ppc
/ar/professional-development-software,/ar/brmj-lttwyr-lmhny
/ar/healthcare-lms,/ar/nzm-dr-ltaalm-llraay-lshy
/ar/training-video-software,/ar/brnmj-fydyw-ltdryb
/ar/learning-and-development-consulting,/ar/stshrt-ltaalm-wlttwyr
/ar/mobile-training-software,/ar/brnmj-ltdryb-lmhmwl
/ar/sales-lms,/ar/nzm-dr-ltaalm-llmbyaat
/ar/elearning-marketing-agency,/ar/wkl-tswyq-ltaalym-llktrwny
/ar/instructional-design-consultants,/ar/mstshrw-ltsmym-ltaalymy
/ar/hospitality-training-software,/ar/brnmj-tdryb-ldyf
/ar/creators,/ar/lmbdaawn
/ar/real-estate,/ar/laaqrt
/ar/healthcare-training-software,/ar/brnmj-tdryb-lraay-lshy
/ar/safety-training-lms,/ar/nzm-dr-ltaalm-lltdryb-aal-lslm
/ar/agriculture,/ar/zraa
/ar/mobile-learning-platform,/ar/mns-ltaalm-lmtnql
/ar/mobile-lms,/ar/nzm-dr-ltaalm-lmhmwl
/ar/employee-training-software,/ar/brnmj-tdryb-lmwzfyn
/ar/enterprise-lms,/ar/nzm-dr-ltaalm-llmw-sst
/ar/safety-training-software,/ar/brnmj-tdryb-lslm
/ar/non-profits,/ar/lmnzmt-gyr-lrbhy
/ar/technology,/ar/tknwlwjy
/ar/learning-and-skills-development-agency,/ar/wkl-ltaalm-wtnmy-lmhrt
/ar/continuing-education-software,/ar/brnmj-ltaalym-lmstmr
/ar/colleges-universities,/ar/lklyt-wljmaat
/ar/hospitality-lms,/ar/nzm-dr-ltaalm-lldyf
/ar/cpd-software,/ar/brnmj-lttwyr-lmhny-lmstmr
/ar/education-marketing-services,/ar/khdmt-tswyq-ltaalym
/ar/blended-learning-tool,/ar/d-ltaalm-lmdmj
/ar/health-wellness,/ar/lsh-wlaafy
/ar/vocational-education-software,/ar/brnmj-ltaalym-lmhny
/ar/instructional-design-services,/ar/khdmt-ltsmym-ltaalymy
/ar/corporate-lms,/ar/nzm-dr-ltaalm-llshrkt
/ar/ai-education-software,/ar/brnmj-taalym-ldhk-lstnaay
/ar/higher-education-marketing-services,/ar/khdmt-tswyq-ltaalym-laaly
/ar/canva-lms,/ar/nzm-dr-ltaalm-knf
/ar/surveymonkey-lms,/ar/nzm-dr-ltaalm-surveymonkey
/ar/higher-education-digital-marketing-agency,/ar/wkl-ltswyq-lrqmy-lltaalym-laaly
/ar/elearning-content-developer,/ar/mtwr-mhtw-ltaalm-llktrwny
/ar/lms-content-creation,/ar/nsh-mhtw-nzm-dr-ltaalm
/ar/about,/ar/aan
/ar/blog,/ar/mdwn
/ar/features,/ar/smt
/ar/team,/ar/fryq
/ar/contact,/ar/tsl
/ar/integrations,/ar/ltkmlt
/ar/pricing,/ar/ltsaayr
/ar/private-portal-agreement,/ar/tfqy-lbwb-lkhs
/ar/privacy-policy,/ar/sys-lkhswsy
/ar/fees-and-charges,/ar/lrswm-wltklyf
/ar/user-agreement,/ar/tfqy-lmstkhdm
/ar/reviews,/ar/lmrjaat
/ar/book-a-demo,/ar/hjz-aardan-twdyhyan
/es/ai-diagram-generator-from-text,/es/generador-de-diagramas-de-ia-a-partir-de-texto
/es/ai-rubric-generator,/es/generador-de-rubricas-de-ia
/es/ai-syllabus-generator,/es/generador-de-programas-de-estudio-de-ia
/es/ai-flashcard-maker,/es/creador-de-tarjetas-didacticas-con-ia
/es/ai-quiz-generator,/es/generador-de-cuestionarios-de-ia
/es/ai-curriculum-generator,/es/generador-de-curriculos-con-ia
/es/rto-lms,/es/sistema-de-gestion-de-aprendizaje-lms-de-rto
/es/affiliate-program,/es/programa-de-afiliados
/es/ai-generated-training-videos,/es/videos-de-formacion-generados-por-ia
/es/ai-lesson-planner,/es/planificador-de-lecciones-con-ia
/es/ai-assessment,/es/evaluacion-de-ia
/es/ai-chatbot-tutor,/es/tutor-de-chatbot-con-ia
/es/ai-instructional-design-tool,/es/herramienta-de-diseno-instruccional-de-ia
/es/ai-in-learning-and-development,/es/ia-en-el-aprendizaje-y-el-desarrollo
/es/ai-for-personalized-learning,/es/ia-para-el-aprendizaje-personalizado
/es/ai-course-writer,/es/redactor-de-cursos-de-ia
/es/ai-for-employee-training,/es/ia-para-la-capacitacion-de-empleados
/es/ai-onboarding,/es/incorporacion-de-ia
/es/ai-infographics-maker,/es/creador-de-infografias-con-ia
/es/enterprise,/es/empresa
/es/compliance-training-software,/es/software-de-capacitacion-en-cumplimiento
/es/ai-course-outline-generator,/es/generador-de-esquemas-de-cursos-de-ia
/es/mulitlingual-support,/es/soporte-multilingue
/es/free-practical-generative-ai-course,/es/curso-practico-gratuito-de-ia-generativa
/es/mobile-apps,/es/aplicaciones-moviles
/es/ai-grading-tool,/es/herramienta-de-calificacion-de-ia
/es/small-business-lms,/es/lms-para-pequenas-empresas
/es/sell-courses,/es/vender-cursos
/es/ai-referencing-tool,/es/herramienta-de-referencia-de-ia
/es/text-to-speech,/es/texto-a-voz
/es/analytics,/es/analitica
/es/thank-you-lms,/es/gracias-lms
/es/ai-lms,/es/peliculas-de-inteligencia-artificial
/es/ai-elearning-authoring-tool,/es/herramienta-de-creacion-de-aprendizaje-electronico-con-inteligencia-artificial
/es/elearning-development-services,/es/servicios-de-desarrollo-de-aprendizaje-electronico
/es/partners,/es/fogonadura
/es/scorm-consultant,/es/consultora-scorm
/es/scorm-authoring-tool,/es/herramienta-de-creacion-de-scorm
/es/manage-subscription,/es/gestionar-suscripcion
/es/ai-learning-platform,/es/plataforma-de-aprendizaje-de-ia
/es/learning-experience-platform,/es/plataforma-de-experiencia-de-aprendizaje
/es/branded-lms,/es/lms-de-marca
/es/lms-login,/es/inicio-de-sesion-en-lms
/es/ai-citation-tool,/es/herramienta-de-citacion-de-ia
/es/sales-training-software,/es/software-de-capacitacion-en-ventas
/es/elearning-consultant,/es/consultor-de-aprendizaje-electronico
/es/leadership-training-software,/es/software-de-formacion-de-lideres
/es/powerpoint-to-scorm-tool,/es/herramienta-de-conversion-de-powerpoint-a-scorm
/es/elearning-design-agency,/es/agencia-de-diseno-de-elearning
/es/learning-and-development-consultant,/es/consultor-de-aprendizaje-y-desarrollo
/es/scorm-agency,/es/agencia-scorm
/es/social-learning-lms,/es/lms-de-aprendizaje-social
/es/adult-learning-software,/es/software-de-aprendizaje-para-adultos
/es/microlearning-software,/es/software-de-microaprendizaje
/es/elearning-ppc-agency,/es/agencia-de-ppc-de-aprendizaje-electronico
/es/professional-development-software,/es/software-de-desarrollo-profesional
/es/healthcare-lms,/es/lms-de-atencion-medica
/es/training-video-software,/es/software-de-video-de-formacion
/es/learning-and-development-consulting,/es/consultoria-de-aprendizaje-y-desarrollo
/es/mobile-training-software,/es/software-de-formacion-movil
/es/sales-lms,/es/lms-de-ventas
/es/elearning-marketing-agency,/es/agencia-de-marketing-de-aprendizaje-electronico
/es/instructional-design-consultants,/es/consultores-de-diseno-instruccional
/es/hospitality-training-software,/es/software-de-formacion-en-hosteleria
/es/creators,/es/creadoras
/es/real-estate,/es/bienes-raices
/es/healthcare-training-software,/es/software-de-capacitacion-en-atencion-medica
/es/agriculture,/es/agricultura
/es/safety-training-lms,/es/lms-de-capacitacion-en-seguridad
/es/mobile-learning-platform,/es/plataforma-de-aprendizaje-movil
/es/mobile-lms,/es/lms-movil
/es/employee-training-software,/es/software-de-formacion-de-empleados
/es/enterprise-lms,/es/lms-empresarial
/es/safety-training-software,/es/software-de-capacitacion-en-seguridad
/es/non-profits,/es/organizaciones-sin-fines-de-lucro
/es/technology,/es/tecnologia
/es/learning-and-skills-development-agency,/es/agencia-de-aprendizaje-y-desarrollo-de-habilidades
/es/continuing-education-software,/es/software-de-educacion-continua
/es/colleges-universities,/es/colegios-universidades
/es/hospitality-lms,/es/lms-de-hospitalidad
/es/cpd-software,/es/software-de-desarrollo-profesional-continuo-cpd
/es/education-marketing-services,/es/servicios-de-marketing-educativo
/es/blended-learning-tool,/es/herramienta-de-aprendizaje-combinado
/es/health-wellness,/es/salud-y-bienestar
/es/vocational-education-software,/es/software-de-educacion-vocacional
/es/instructional-design-services,/es/servicios-de-diseno-instruccional
/es/corporate-lms,/es/lms-corporativo
/es/ai-education-software,/es/software-educativo-de-ia
/es/higher-education-marketing-services,/es/servicios-de-marketing-para-la-educacion-superior
/es/canva-lms,/es/sistema-de-gestion-de-aprendizaje-lms-canva
/es/surveymonkey-lms,/es/sistema-de-gestion-de-aprendizaje-surveymonkey
/es/higher-education-digital-marketing-agency,/es/agencia-de-marketing-digital-para-educacion-superior
/es/elearning-content-developer,/es/desarrollador-de-contenido-de-aprendizaje-electronico
/es/lms-content-creation,/es/creacion-de-contenido-lms
/es/about,/es/acerca-de
/es/features,/es/caracteristicas
/es/team,/es/equipo
/es/contact,/es/contacto
/es/integrations,/es/integraciones
/es/pricing,/es/precios
/es/private-portal-agreement,/es/acuerdo-de-portal-privado
/es/privacy-policy,/es/politica-de-privacidad
/es/fees-and-charges,/es/tarifas-y-cargos
/es/user-agreement,/es/acuerdo-de-usuario
/es/reviews,/es/resenas
/es/book-a-demo,/es/reservar-una-demostracion
/de/ai-diagram-generator-from-text,/de/ki-diagrammgenerator-aus-text
/de/ai-rubric-generator,/de/ki-rubrikengenerator
/de/ai-syllabus-generator,/de/ki-lehrplangenerator
/de/ai-flashcard-maker,/de/ki-karteikarten-ersteller
/de/ai-quiz-generator,/de/ki-quiz-generator
/de/ai-curriculum-generator,/de/ki-lehrplan-generator
/de/affiliate-program,/de/partnerprogramm
/de/ai-generated-training-videos,/de/ki-generierte-schulungsvideos
/de/ai-lesson-planner,/de/ki-unterrichtsplaner
/de/ai-assessment,/de/ki-bewertung
/de/ai-chatbot-tutor,/de/ki-chatbot-tutor
/de/ai-instructional-design-tool,/de/ki-tool-fur-unterrichtsdesign
/de/ai-in-learning-and-development,/de/ki-in-lernen-und-entwicklung
/de/ai-for-personalized-learning,/de/ki-fur-personalisiertes-lernen
/de/ai-course-writer,/de/ki-kursautor
/de/ai-for-employee-training,/de/ki-fur-die-mitarbeiterschulung
/de/ai-onboarding,/de/ki-onboarding
/de/ai-infographics-maker,/de/ki-infografik-maker
/de/enterprise,/de/unternehmen
/de/compliance-training-software,/de/compliance-schulungssoftware
/de/ai-course-outline-generator,/de/generator-fur-ki-kursubersichten
/de/mulitlingual-support,/de/mehrsprachige-unterstutzung
/de/free-practical-generative-ai-course,/de/kostenloser-praktischer-kurs-zur-generativen-ki
/de/ai-grading-tool,/de/ki-bewertungstool
/de/small-business-lms,/de/lms-fur-kleine-unternehmen
/de/sell-courses,/de/kurse-verkaufen
/de/ai-referencing-tool,/de/ki-referenzierungstool
/de/analytics,/de/analyse
/de/thank-you-lms,/de/vielen-dank-lms
/de/ai-lms,/de/ki-lms
/de/ai-elearning-authoring-tool,/de/ki-basiertes-e-learning-authoring-tool
/de/elearning-development-services,/de/e-learning-entwicklungsdienste
/de/partners,/de/partner-angebote
/de/scorm-consultant,/de/scorm-berater
/de/manage-subscription,/de/abonnement-verwalten
/de/ai-learning-platform,/de/ki-lernplattform
/de/learning-experience-platform,/de/lerner-fahrungs-plattform
/de/branded-lms,/de/marken-lms
/de/lms-login,/de/lms-anmeldung
/de/ai-citation-tool,/de/ki-zitationstool
/de/sales-training-software,/de/software-fur-verkaufstraining
/de/elearning-consultant,/de/e-learning-berater
/de/leadership-training-software,/de/software-fur-fuhrungskraftetraining
/de/powerpoint-to-scorm-tool,/de/powerpoint-zu-scorm-tool
/de/elearning-design-agency,/de/e-learning-design-agentur
/de/learning-and-development-consultant,/de/berater-fur-lernen-und-entwicklung
/de/scorm-agency,/de/scorm-agentur
/de/social-learning-lms,/de/soziales-lernen-lms
/de/adult-learning-software,/de/software-fur-die-erwachsenenbildung
/de/elearning-ppc-agency,/de/e-learning-ppc-agentur
/de/professional-development-software,/de/software-zur-beruflichen-weiterentwicklung
/de/healthcare-lms,/de/lms-fur-das-gesundheitswesen
/de/training-video-software,/de/schulungs-video-software
/de/learning-and-development-consulting,/de/lern--und-entwicklungsberatung
/de/mobile-training-software,/de/mobile-trainings-software
/de/sales-lms,/de/vertriebs-lms
/de/elearning-marketing-agency,/de/e-learning-marketingagentur
/de/instructional-design-consultants,/de/berater-fur-unterrichtsdesign
/de/hospitality-training-software,/de/schulungssoftware-fur-das-gastgewerbe
/de/creators,/de/schopfer
/de/real-estate,/de/immobilie
/de/healthcare-training-software,/de/schulungssoftware-fur-das-gesundheitswesen
/de/safety-training-lms,/de/sicherheitstraining-lms
/de/agriculture,/de/landwirtschaft
/de/mobile-learning-platform,/de/mobile-lernplattform
/de/mobile-lms,/de/mobiles-lms
/de/employee-training-software,/de/software-zur-mitarbeiterschulung
/de/enterprise-lms,/de/unternehmens-lms
/de/safety-training-software,/de/sicherheits-trainings-software
/de/non-profits,/de/gemeinnutzige-organisationen
/de/technology,/de/technologie
/de/learning-and-skills-development-agency,/de/agentur-fur-lernen-und-kompetenzentwicklung
/de/continuing-education-software,/de/weiterbildungssoftware
/de/colleges-universities,/de/hochschulen-universitaten
/de/hospitality-lms,/de/lms-fur-das-gastgewerbe
/de/education-marketing-services,/de/bildungsmarketing-dienstleistungen
/de/health-wellness,/de/gesundheit-und-wellness
/de/vocational-education-software,/de/software-fur-die-berufsbildung
/de/instructional-design-services,/de/dienstleistungen-im-bereich-unterrichtsdesign
/de/corporate-lms,/de/lms-unternehmens
/de/ai-education-software,/de/ki-bildungssoftware
/de/higher-education-marketing-services,/de/marketingdienstleistungen-fur-die-hochschulbildung
/de/higher-education-digital-marketing-agency,/de/agentur-fur-digitales-marketing-im-hochschulbereich
/de/elearning-content-developer,/de/entwickler-von-elearning-inhalten
/de/lms-content-creation,/de/lms-inhaltserstellung
/de/about,/de/um
/de/features,/de/merkmale
/de/contact,/de/kontakt
/de/integrations,/de/integrationen
/de/pricing,/de/preise
/de/private-portal-agreement,/de/private-portal-vereinbarung
/de/privacy-policy,/de/datenschutzrichtlinie
/de/fees-and-charges,/de/gebuhren-und-kosten
/de/user-agreement,/de/benutzervereinbarung
/de/reviews,/de/bewertungen
/de/book-a-demo,/de/demo-buchen
/fr/ai-diagram-generator-from-text,/fr/generateur-de-diagrammes-dia-a-partir-de-texte
/fr/ai-rubric-generator,/fr/generateur-de-rubriques-dia
/fr/ai-syllabus-generator,/fr/generateur-de-programmes-dia
/fr/ai-flashcard-maker,/fr/createur-de-cartes-memoire-ia
/fr/ai-quiz-generator,/fr/generateur-de-quiz-ia
/fr/ai-curriculum-generator,/fr/generateur-de-programmes-detudes-dia
/fr/affiliate-program,/fr/programme-daffiliation
/fr/ai-generated-training-videos,/fr/videos-de-formation-generees-par-lia
/fr/ai-lesson-planner,/fr/planificateur-de-cours-ia
/fr/ai-assessment,/fr/evaluation-de-lia
/fr/ai-chatbot-tutor,/fr/tuteur-de-chatbot-ia
/fr/ai-instructional-design-tool,/fr/outil-de-conception-pedagogique-base-sur-lia
/fr/ai-in-learning-and-development,/fr/lia-dans-lapprentissage-et-le-developpement
/fr/ai-for-personalized-learning,/fr/lia-pour-lapprentissage-personnalise
/fr/ai-course-writer,/fr/redacteur-de-cours-sur-lia
/fr/ai-for-employee-training,/fr/lia-pour-la-formation-des-employes
/fr/ai-onboarding,/fr/integration-de-lia
/fr/ai-infographics-maker,/fr/createur-dinfographies-ia
/fr/enterprise,/fr/entreprise
/fr/compliance-training-software,/fr/logiciel-de-formation-a-la-conformite
/fr/ai-course-outline-generator,/fr/generateur-de-plans-de-cours-dia
/fr/mulitlingual-support,/fr/support-multilingue
/fr/free-practical-generative-ai-course,/fr/cours-pratique-gratuit-sur-lia-generative
/fr/mobile-apps,/fr/applications-mobiles
/fr/ai-grading-tool,/fr/outil-de-notation-de-lia
/fr/small-business-lms,/fr/lms-pour-petites-entreprises
/fr/sell-courses,/fr/vendre-des-cours
/fr/ai-referencing-tool,/fr/outil-de-referencement-ia
/fr/text-to-speech,/fr/synthese-vocale
/fr/analytics,/fr/analytique
/fr/thank-you-lms,/fr/merci-davoir-achete-une-plateforme-de-formation-de-marque
/fr/ai-lms,/fr/ia-lms
/fr/ai-elearning-authoring-tool,/fr/outil-de-creation-dapprentissage-en-ligne-base-sur-lia
/fr/elearning-development-services,/fr/services-de-developpement-de-lapprentissage-en-ligne
/fr/partners,/fr/partenaires
/fr/scorm-consultant,/fr/consultant-scorm
/fr/scorm-authoring-tool,/fr/outil-de-creation-scorm
/fr/manage-subscription,/fr/gerer-labonnement
/fr/ai-learning-platform,/fr/plateforme-dapprentissage-de-lia
/fr/learning-experience-platform,/fr/plateforme-dexperience-dapprentissage
/fr/branded-lms,/fr/lms-de-marque
/fr/lms-login,/fr/connexion-lms
/fr/ai-citation-tool,/fr/outil-de-citation-ia
/fr/sales-training-software,/fr/logiciel-de-formation-a-la-vente
/fr/elearning-consultant,/fr/consultant-en-e-learning
/fr/leadership-training-software,/fr/logiciel-de-formation-au-leadership
/fr/powerpoint-to-scorm-tool,/fr/outil-powerpoint-vers-scorm
/fr/elearning-design-agency,/fr/agence-de-conception-e-learning
/fr/learning-and-development-consultant,/fr/consultant-en-apprentissage-et-developpement
/fr/scorm-agency,/fr/agence-scorm
/fr/social-learning-lms,/fr/lms-dapprentissage-social
/fr/adult-learning-software,/fr/logiciel-dapprentissage-pour-adultes
/fr/microlearning-software,/fr/logiciel-de-micro-apprentissage
/fr/elearning-ppc-agency,/fr/agence-ppc-e-learning
/fr/professional-development-software,/fr/logiciel-de-developpement-professionnel
/fr/healthcare-lms,/fr/lms-de-sante
/fr/training-video-software,/fr/logiciel-de-formation-video
/fr/learning-and-development-consulting,/fr/conseil-en-apprentissage-et-developpement
/fr/mobile-training-software,/fr/logiciel-de-formation-mobile
/fr/sales-lms,/fr/lms-de-vente
/fr/elearning-marketing-agency,/fr/agence-de-marketing-e-learning
/fr/instructional-design-consultants,/fr/consultants-en-conception-pedagogique
/fr/hospitality-training-software,/fr/logiciel-de-formation-en-hotellerie
/fr/creators,/fr/creatrices
/fr/real-estate,/fr/immobilier
/fr/healthcare-training-software,/fr/logiciel-de-formation-en-soins-de-sante
/fr/safety-training-lms,/fr/formation-a-la-securite-lms
/fr/mobile-learning-platform,/fr/plateforme-dapprentissage-mobile
/fr/mobile-lms,/fr/lms-mobile
/fr/employee-training-software,/fr/logiciel-de-formation-des-employes
/fr/enterprise-lms,/fr/lms-dentreprise
/fr/safety-training-software,/fr/logiciel-de-formation-a-la-securite
/fr/non-profits,/fr/organismes-sans-but-lucratif
/fr/technology,/fr/technologie
/fr/learning-and-skills-development-agency,/fr/agence-pour-lapprentissage-et-le-developpement-des-competences
/fr/continuing-education-software,/fr/logiciel-de-formation-continue
/fr/colleges-universities,/fr/colleges-et-universites
/fr/hospitality-lms,/fr/lms-pour-lhotellerie
/fr/cpd-software,/fr/logiciel-de-dpc
/fr/education-marketing-services,/fr/services-de-marketing-educatif
/fr/blended-learning-tool,/fr/outil-dapprentissage-mixte
/fr/health-wellness,/fr/sante-et-bien-etre
/fr/vocational-education-software,/fr/logiciel-de-formation-professionnelle
/fr/instructional-design-services,/fr/services-de-conception-pedagogique
/fr/corporate-lms,/fr/entreprise-lms
/fr/ai-education-software,/fr/logiciel-deducation-a-lia
/fr/higher-education-marketing-services,/fr/services-de-marketing-pour-lenseignement-superieur
/fr/higher-education-digital-marketing-agency,/fr/agence-de-marketing-numerique-pour-lenseignement-superieur
/fr/elearning-content-developer,/fr/developpeur-de-contenu-elearning
/fr/lms-content-creation,/fr/creation-de-contenu-lms
/fr/about,/fr/a-propos
/fr/features,/fr/caracteristiques
/fr/team,/fr/equipe
/fr/pricing,/fr/tarification
/fr/private-portal-agreement,/fr/contrat-de-portail-prive
/fr/privacy-policy,/fr/politique-de-confidentialite
/fr/fees-and-charges,/fr/frais-et-charges
/fr/user-agreement,/fr/contrat-dutilisation
/fr/reviews,/fr/avis
/fr/book-a-demo,/fr/reserver-une-demo
/pt/ai-diagram-generator-from-text,/pt/gerador-de-diagramas-de-ia-a-partir-de-texto
/pt/ai-rubric-generator,/pt/gerador-de-rubricas-ia
/pt/ai-syllabus-generator,/pt/gerador-de-programas-de-ia
/pt/ai-flashcard-maker,/pt/criador-de-flashcards-ia
/pt/ai-quiz-generator,/pt/gerador-de-quiz-de-ia
/pt/ai-curriculum-generator,/pt/gerador-de-curriculos-de-ia
/pt/affiliate-program,/pt/programa-de-afiliados
/pt/ai-generated-training-videos,/pt/videos-de-treino-gerados-por-ia
/pt/ai-lesson-planner,/pt/planeador-de-aulas-de-ia
/pt/ai-assessment,/pt/avaliacao-de-ia
/pt/ai-chatbot-tutor,/pt/tutor-de-chatbot-de-ia
/pt/ai-instructional-design-tool,/pt/ferramenta-de-design-instrucional-de-ia
/pt/ai-in-learning-and-development,/pt/ia-na-aprendizagem-e-desenvolvimento
/pt/ai-for-personalized-learning,/pt/ia-para-aprendizagem-personalizada
/pt/ai-course-writer,/pt/escritor-de-curso-de-ia
/pt/ai-for-employee-training,/pt/ia-para-formacao-de-funcionarios
/pt/ai-onboarding,/pt/integracao-de-ia
/pt/ai-infographics-maker,/pt/criador-de-infograficos-de-ia
/pt/enterprise,/pt/empresa
/pt/compliance-training-software,/pt/software-de-formacao-de-conformidade
/pt/ai-course-outline-generator,/pt/gerador-de-esboco-de-curso-de-ia
/pt/mulitlingual-support,/pt/suporte-multilingue
/pt/free-practical-generative-ai-course,/pt/curso-gratuito-de-ia-generativa-pratica
/pt/mobile-apps,/pt/aplicativos-moveis
/pt/ai-grading-tool,/pt/ferramenta-de-classificacao-de-ia
/pt/small-business-lms,/pt/lms-para-pequenas-empresas
/pt/sell-courses,/pt/vender-cursos
/pt/ai-referencing-tool,/pt/ferramenta-de-referencia-de-ia
/pt/text-to-speech,/pt/texto-para-voz
/pt/analytics,/pt/analise
/pt/thank-you-lms,/pt/obrigado-lms
/pt/ai-lms,/pt/lms-de-ia
/pt/ai-elearning-authoring-tool,/pt/ferramenta-de-criacao-de-e-learning-de-ia
/pt/elearning-development-services,/pt/servicos-de-desenvolvimento-de-e-learning
/pt/partners,/pt/parceiros
/pt/scorm-consultant,/pt/consultor-scorm
/pt/scorm-authoring-tool,/pt/ferramenta-de-autoria-scorm
/pt/manage-subscription,/pt/gerir-assinatura
/pt/ai-learning-platform,/pt/plataforma-de-aprendizagem-de-ia
/pt/learning-experience-platform,/pt/plataforma-de-experiencia-de-aprendizagem
/pt/branded-lms,/pt/lms-de-marca
/pt/lms-login,/pt/login-do-lms
/pt/ai-citation-tool,/pt/ferramenta-de-citacao-de-ia
/pt/sales-training-software,/pt/software-de-formacao-de-vendas
/pt/elearning-consultant,/pt/consultor-de-e-learning
/pt/leadership-training-software,/pt/software-de-formacao-de-lideranca
/pt/powerpoint-to-scorm-tool,/pt/ferramenta-powerpoint-para-scorm
/pt/elearning-design-agency,/pt/agencia-de-design-de-elearning
/pt/learning-and-development-consultant,/pt/consultor-de-aprendizagem-e-desenvolvimento
/pt/scorm-agency,/pt/agencia-scorm
/pt/social-learning-lms,/pt/lms-de-aprendizagem-social
/pt/adult-learning-software,/pt/software-de-aprendizagem-para-adultos
/pt/microlearning-software,/pt/software-de-microaprendizagem
/pt/elearning-ppc-agency,/pt/agencia-ppc-de-e-learning
/pt/professional-development-software,/pt/software-de-desenvolvimento-profissional
/pt/healthcare-lms,/pt/lms-de-saude
/pt/training-video-software,/pt/software-de-video-de-formacao
/pt/learning-and-development-consulting,/pt/consultoria-em-aprendizagem-e-desenvolvimento
/pt/mobile-training-software,/pt/software-de-formacao-movel
/pt/sales-lms,/pt/lms-de-vendas
/pt/elearning-marketing-agency,/pt/agencia-de-marketing-elearning
/pt/instructional-design-consultants,/pt/consultores-de-design-instrucional
/pt/hospitality-training-software,/pt/software-de-formacao-em-hotelaria
/pt/creators,/pt/criadores
/pt/real-estate,/pt/imobiliaria
/pt/healthcare-training-software,/pt/software-de-formacao-em-saude
/pt/safety-training-lms,/pt/formacao-de-seguranca-lms
/pt/agriculture,/pt/agricultura
/pt/mobile-learning-platform,/pt/plataforma-de-aprendizagem-movel
/pt/mobile-lms,/pt/lms-movel
/pt/employee-training-software,/pt/software-de-formacao-de-funcionarios
/pt/enterprise-lms,/pt/lms-empresarial
/pt/safety-training-software,/pt/software-de-formacao-em-seguranca
/pt/non-profits,/pt/sem-fins-lucrativos
/pt/technology,/pt/tecnologia
/pt/learning-and-skills-development-agency,/pt/agencia-de-aprendizagem-e-desenvolvimento-de-competencias
/pt/continuing-education-software,/pt/software-de-educacao-continua
/pt/colleges-universities,/pt/faculdades-universidades
/pt/hospitality-lms,/pt/lms-de-hotelaria
/pt/cpd-software,/pt/software-cpd
/pt/education-marketing-services,/pt/servicos-de-marketing-educativo
/pt/blended-learning-tool,/pt/ferramenta-de-aprendizagem-combinada
/pt/health-wellness,/pt/saude-e-bem-estar
/pt/vocational-education-software,/pt/software-de-educacao-profissional
/pt/instructional-design-services,/pt/servicos-de-design-instrucional
/pt/corporate-lms,/pt/lms-corporativo
/pt/ai-education-software,/pt/software-de-educacao-de-ia
/pt/higher-education-marketing-services,/pt/servicos-de-marketing-para-o-ensino-superior
/pt/higher-education-digital-marketing-agency,/pt/agencia-de-marketing-digital-para-o-ensino-superior
/pt/elearning-content-developer,/pt/desenvolvedor-de-conteudos-de-elearning
/pt/lms-content-creation,/pt/criacao-de-conteudos-lms
/pt/about,/pt/sobre
/pt/blog,/pt/blogue
/pt/features,/pt/funcionalidades
/pt/team,/pt/equipa
/pt/contact,/pt/contacto
/pt/integrations,/pt/integracoes
/pt/pricing,/pt/precos
/pt/private-portal-agreement,/pt/acordo-de-portal-privado
/pt/privacy-policy,/pt/politica-de-privacidade
/pt/fees-and-charges,/pt/taxas-e-encargos
/pt/user-agreement,/pt/contrato-do-utilizador
/pt/reviews,/pt/avaliacoes
/pt/book-a-demo,/pt/agende-uma-demonstracao
/it/ai-diagram-generator-from-text,/it/generatore-di-diagrammi-ai-dal-testo
/it/ai-rubric-generator,/it/generatore-di-rubriche-ai
/it/ai-syllabus-generator,/it/generatore-di-programmi-di-intelligenza-artificiale
/it/ai-flashcard-maker,/it/creatore-di-schede-flash-ai
/it/ai-quiz-generator,/it/generatore-di-quiz-ai
/it/ai-curriculum-generator,/it/generatore-di-curriculum-ai
/it/affiliate-program,/it/programma-di-affiliazione
/it/ai-generated-training-videos,/it/video-di-formazione-generati-dallintelligenza-artificiale
/it/ai-lesson-planner,/it/pianificatore-di-lezioni-di-intelligenza-artificiale
/it/ai-assessment,/it/valutazione-dellintelligenza-artificiale
/it/ai-chatbot-tutor,/it/tutor-di-chatbot-ai
/it/ai-instructional-design-tool,/it/strumento-di-progettazione-didattica-ai
/it/ai-in-learning-and-development,/it/lintelligenza-artificiale-nellapprendimento-e-nello-sviluppo
/it/ai-for-personalized-learning,/it/ai-per-lapprendimento-personalizzato
/it/ai-course-writer,/it/autore-del-corso-di-intelligenza-artificiale
/it/ai-for-employee-training,/it/ai-per-la-formazione-dei-dipendenti
/it/ai-onboarding,/it/onboarding-dellia
/it/ai-infographics-maker,/it/creatore-di-infografiche-ai
/it/enterprise,/it/impresa
/it/compliance-training-software,/it/software-di-formazione-sulla-conformita
/it/ai-course-outline-generator,/it/generatore-di-schemi-di-corsi-di-intelligenza-artificiale
/it/mulitlingual-support,/it/supporto-multilingue
/it/free-practical-generative-ai-course,/it/corso-pratico-gratuito-di-intelligenza-artificiale-generativa
/it/mobile-apps,/it/applicazioni-mobili
/it/ai-grading-tool,/it/strumento-di-valutazione-ai
/it/small-business-lms,/it/lms-per-piccole-imprese
/it/sell-courses,/it/vendere-corsi
/it/ai-referencing-tool,/it/strumento-di-riferimento-ai
/it/text-to-speech,/it/testo-in-voce
/it/analytics,/it/analisi
/it/thank-you-lms,/it/grazie-mille
/it/ai-lms,/it/lms-di-intelligenza-artificiale
/it/ai-elearning-authoring-tool,/it/strumento-di-creazione-di-e-learning-ai
/it/elearning-development-services,/it/servizi-di-sviluppo-e-learning
/it/partners,/it/partner
/it/scorm-consultant,/it/consulente-scorm
/it/scorm-authoring-tool,/it/strumento-di-creazione-scorm
/it/manage-subscription,/it/gestire-labbonamento
/it/ai-learning-platform,/it/piattaforma-di-apprendimento-ai
/it/learning-experience-platform,/it/piattaforma-di-esperienza-di-apprendimento
/it/branded-lms,/it/lms-di-marca
/it/lms-login,/it/accesso-lms
/it/ai-citation-tool,/it/strumento-di-citazione-ai
/it/sales-training-software,/it/software-di-formazione-alla-vendita
/it/elearning-consultant,/it/consulente-di-e-learning
/it/leadership-training-software,/it/software-di-formazione-alla-leadership
/it/powerpoint-to-scorm-tool,/it/strumento-powerpoint-per-scorm
/it/elearning-design-agency,/it/agenzia-di-progettazione-e-learning
/it/learning-and-development-consultant,/it/consulente-per-lapprendimento-e-lo-sviluppo
/it/scorm-agency,/it/agenzia-scorm
/it/social-learning-lms,/it/lms-di-apprendimento-sociale
/it/adult-learning-software,/it/software-per-lapprendimento-degli-adulti
/it/microlearning-software,/it/software-di-microapprendimento
/it/elearning-ppc-agency,/it/agenzia-di-e-learning-ppc
/it/professional-development-software,/it/software-di-sviluppo-professionale
/it/healthcare-lms,/it/lms-per-lassistenza-sanitaria
/it/training-video-software,/it/software-per-video-di-formazione
/it/learning-and-development-consulting,/it/consulenza-per-lapprendimento-e-lo-sviluppo
/it/mobile-training-software,/it/software-di-formazione-mobile
/it/sales-lms,/it/lms-di-vendita
/it/elearning-marketing-agency,/it/agenzia-di-marketing-e-learning
/it/instructional-design-consultants,/it/consulenti-di-progettazione-didattica
/it/hospitality-training-software,/it/software-di-formazione-per-lospitalita
/it/creators,/it/creatrici
/it/creatrici,/it/creatori
/it/real-estate,/it/immobiliare
/it/healthcare-training-software,/it/software-di-formazione-sanitaria
/it/safety-training-lms,/it/formazione-sulla-sicurezza-lms
/it/agriculture,/it/agricoltura
/it/mobile-learning-platform,/it/piattaforma-di-apprendimento-mobile
/it/mobile-lms,/it/lms-mobile
/it/employee-training-software,/it/software-per-la-formazione-dei-dipendenti
/it/enterprise-lms,/it/lms-aziendale
/it/safety-training-software,/it/software-di-formazione-sulla-sicurezza
/it/non-profits,/it/non-profit
/it/technology,/it/tecnologia
/it/learning-and-skills-development-agency,/it/agenzia-per-lo-sviluppo-dellapprendimento-e-delle-competenze
/it/continuing-education-software,/it/software-per-la-formazione-continua
/it/colleges-universities,/it/college-e-universita
/it/hospitality-lms,/it/lms-per-lospitalita
/it/cpd-software,/it/software-di-formazione-continua
/it/education-marketing-services,/it/servizi-di-marketing-educativo
/it/blended-learning-tool,/it/strumento-di-apprendimento-misto
/it/health-wellness,/it/salute-e-benessere
/it/vocational-education-software,/it/software-per-listruzione-professionale
/it/instructional-design-services,/it/servizi-di-progettazione-didattica
/it/corporate-lms,/it/laziendale-lms
/it/ai-education-software,/it/software-didattico-ai
/it/higher-education-marketing-services,/it/servizi-di-marketing-per-listruzione-superiore
/it/surveymonkey-lms,/it/lms-di-surveymonkey
/it/higher-education-digital-marketing-agency,/it/agenzia-di-marketing-digitale-per-listruzione-superiore
/it/elearning-content-developer,/it/sviluppatore-di-contenuti-elearning
/it/lms-content-creation,/it/creazione-di-contenuti-lms
/it/about,/it/di
/it/features,/it/caratteristiche
/it/team,/it/squadra
/it/integrations,/it/integrazioni
/it/contact,/it/contatto
/it/pricing,/it/prezzi
/it/private-portal-agreement,/it/contratto-di-portale-privato
/it/privacy-policy,/it/politica-sulla-riservatezza
/it/fees-and-charges,/it/commissioni-e-spese
/it/user-agreement,/it/contratto-duso
/it/reviews,/it/recensioni
/it/book-a-demo,/it/prenota-una-demo
/zh/ai-diagram-generator-from-text,/zh/lai-zi-wen-ben-de-ai-tu-biao-sheng-cheng-qi
/zh/ai-rubric-generator,/zh/ren-gong-zhi-neng-ping-fen-biao-zhun-sheng-cheng-qi
/zh/ai-syllabus-generator,/zh/ai-ke-cheng-da-gang-sheng-cheng-qi
/zh/ai-flashcard-maker,/zh/aichou-ren-qia-zhi-zuo-qi
/zh/ai-quiz-generator,/zh/ren-gong-zhi-neng-ce-yan-sheng-cheng-qi
/zh/ai-curriculum-generator,/zh/ren-gong-zhi-neng-ke-cheng-sheng-cheng-qi
/zh/rto-lms,/zh/rto-xue-xi-guan-li-xi-tong
/zh/affiliate-program,/zh/lian-meng-ji-hua
/zh/ai-generated-training-videos,/zh/ren-gong-zhi-neng-sheng-cheng-de-xun-lian-shi-pin
/zh/ai-lesson-planner,/zh/ren-gong-zhi-neng-ke-cheng-gui-hua
/zh/ai-assessment,/zh/ren-gong-zhi-neng-ping-gu
/zh/ai-chatbot-tutor,/zh/ren-gong-zhi-neng-liao-tian-ji-qi-ren-dao-shi
/zh/ai-instructional-design-tool,/zh/aijiao-xue-she-ji-gong-ju
/zh/ai-in-learning-and-development,/zh/xue-xi-yu-fa-zhan-zhong-de-ren-gong-zhi-neng
/zh/ai-for-personalized-learning,/zh/ge-xing-hua-xue-xi-ren-gong-zhi-neng
/zh/ai-course-writer,/zh/ren-gong-zhi-neng-ke-cheng-zuo-jia
/zh/ai-for-employee-training,/zh/ren-gong-zhi-neng-yong-yu-yuan-gong-pei-xun
/zh/ai-onboarding,/zh/ai-ru-zhi
/zh/ai-infographics-maker,/zh/ai-xin-xi-tu-biao-zhi-zuo-qi
/zh/enterprise,/zh/qi-ye
/zh/compliance-training-software,/zh/he-gui-pei-xun-ruan-jian
/zh/ai-course-outline-generator,/zh/aike-cheng-da-gang-sheng-cheng-qi
/zh/mulitlingual-support,/zh/duo-yu-yan-zhi-chi
/zh/free-practical-generative-ai-course,/zh/mian-fei-shi-yong-de-sheng-cheng-shi-ren-gong-zhi-neng-ke-cheng
/zh/mobile-apps,/zh/yi-dong-ying-yong-cheng-xu
/zh/ai-grading-tool,/zh/ren-gong-zhi-neng-ping-fen-gong-ju
/zh/small-business-lms,/zh/xiao-xing-qi-ye-xue-xi-guan-li-xi-tong-lms
/zh/sell-courses,/zh/chu-shou-ke-cheng
/zh/ai-referencing-tool,/zh/ai-can-kao-gong-ju
/zh/text-to-speech,/zh/wen-ben-zhuan-yu-yin
/zh/analytics,/zh/fen-xi
/zh/thank-you-lms,/zh/xie-xie-lms
/zh/ai-elearning-authoring-tool,/zh/ai-dian-zi-xue-xi-chuang-zuo-gong-ju
/zh/elearning-development-services,/zh/dian-zi-xue-xi-kai-fa-fu-wu
/zh/partners,/zh/he-zuo-huo-ban
/zh/scorm-consultant,/zh/scormgu-wen
/zh/scorm-authoring-tool,/zh/scorm-chuang-zuo-gong-ju
/zh/manage-subscription,/zh/guan-li-ding-yue
/zh/ai-learning-platform,/zh/ren-gong-zhi-neng-xue-xi-ping-tai
/zh/learning-experience-platform,/zh/xue-xi-ti-yan-ping-tai
/zh/branded-lms,/zh/pin-pai-lms
/zh/lms-login,/zh/lms-deng-lu
/zh/ai-citation-tool,/zh/ai-yin-wen-gong-ju
/zh/sales-training-software,/zh/xiao-shou-pei-xun-ruan-jian
/zh/elearning-consultant,/zh/zai-xian-xue-xi-gu-wen
/zh/leadership-training-software,/zh/ling-dao-li-pei-xun-ruan-jian
/zh/powerpoint-to-scorm-tool,/zh/powerpoint-zhuan-scorm-gong-ju
/zh/elearning-design-agency,/zh/zai-xian-xue-xi-she-ji-ji-gou
/zh/learning-and-development-consultant,/zh/xue-xi-yu-fa-zhan-gu-wen
/zh/scorm-agency,/zh/scorm-ji-gou
/zh/social-learning-lms,/zh/she-jiao-xue-xi-lms
/zh/adult-learning-software,/zh/cheng-ren-xue-xi-ruan-jian
/zh/microlearning-software,/zh/wei-xue-xi-ruan-jian
/zh/elearning-ppc-agency,/zh/zai-xian-xue-xi-ppc-dai-li
/zh/professional-development-software,/zh/zhuan-ye-kai-fa-ruan-jian
/zh/healthcare-lms,/zh/yi-liao-bao-jian-lms
/zh/training-video-software,/zh/pei-xun-shi-pin-ruan-jian
/zh/learning-and-development-consulting,/zh/xue-xi-yu-fa-zhan-zi-xun
/zh/mobile-training-software,/zh/yi-dong-pei-xun-ruan-jian
/zh/sales-lms,/zh/xiao-shou-xue-xi-guan-li-xi-tong
/zh/elearning-marketing-agency,/zh/zai-xian-xue-xi-ying-xiao-ji-gou
/zh/instructional-design-consultants,/zh/jiao-xue-she-ji-gu-wen
/zh/hospitality-training-software,/zh/jiu-dian-pei-xun-ruan-jian
/zh/creators,/zh/chuang-zuo-zhe
/zh/real-estate,/zh/fang-di-chan
/zh/healthcare-training-software,/zh/yi-liao-bao-jian-pei-xun-ruan-jian
/zh/safety-training-lms,/zh/an-quan-pei-xun-lms
/zh/agriculture,/zh/nong-ye
/zh/mobile-learning-platform,/zh/yi-dong-xue-xi-ping-tai
/zh/mobile-lms,/zh/yi-dong-xue-xi-guan-li-xi-tong
/zh/employee-training-software,/zh/yuan-gong-pei-xun-ruan-jian
/zh/enterprise-lms,/zh/qi-ye-xue-xi-guan-li-xi-tong
/zh/safety-training-software,/zh/an-quan-pei-xun-ruan-jian
/zh/non-profits,/zh/fei-ying-li-zu-zhi
/zh/technology,/zh/ji-shu
/zh/learning-and-skills-development-agency,/zh/xue-xi-he-ji-neng-fa-zhan-shu
/zh/continuing-education-software,/zh/ji-xu-jiao-yu-ruan-jian
/zh/colleges-universities,/zh/xue-yuan-da-xue
/zh/hospitality-lms,/zh/jiu-dian-ye-lms
/zh/cpd-software,/zh/cpd-ruan-jian
/zh/education-marketing-services,/zh/jiao-yu-ying-xiao-fu-wu
/zh/blended-learning-tool,/zh/hun-he-xue-xi-gong-ju
/zh/health-wellness,/zh/jian-kang
/zh/vocational-education-software,/zh/zhi-ye-jiao-yu-ruan-jian
/zh/instructional-design-services,/zh/jiao-xue-she-ji-fu-wu
/zh/corporate-lms,/zh/qiye-xue-xi-guan-li-xi-tong
/zh/ai-education-software,/zh/ren-gong-zhi-neng-jiao-yu-ruan-jian
/zh/higher-education-marketing-services,/zh/gao-deng-jiao-yu-ying-xiao-fu-wu
/zh/canva-lms,/zh/canva-xue-xi-guan-li-xi-tong
/zh/surveymonkey-lms,/zh/surveymonkey-xue-xi-guan-li-xi-tong
/zh/higher-education-digital-marketing-agency,/zh/gao-deng-jiao-yu-shu-zi-ying-xiao-ji-gou
/zh/elearning-content-developer,/zh/zai-xian-xue-xi-nei-rong-kai-fa-ren-yuan
/zh/lms-content-creation,/zh/lms-nei-rong-chuang-jian
/zh/about,/zh/guan-yu
/zh/blog,/zh/bo-ke
/zh/features,/zh/te-zheng
/zh/team,/zh/tuan-dui
/zh/contact,/zh/jie-chu
/zh/integrations,/zh/ji-cheng
/zh/pricing,/zh/jie-ge
/zh/private-portal-agreement,/zh/si-ren-men-hu-xie-yi
/zh/privacy-policy,/zh/yin-si-zheng-ce
/zh/fees-and-charges,/zh/fei-yong-ji-shou-fei
/zh/user-agreement,/zh/yong-hu-xie-yi
/zh/reviews,/zh/ping-lun
/zh/book-a-demo,/zh/yu-ding-yan-shi
/ko/ai-diagram-generator-from-text,/ko/tegseuteueseo-ai-daieogeuraem-saengseonggi
/ko/ai-rubric-generator,/ko/ai-rubeurig-saengseonggi
/ko/ai-syllabus-generator,/ko/ai-gyogwagwajeong-saengseonggi
/ko/ai-flashcard-maker,/ko/ai-peulraesikadeu-meikeo
/ko/ai-quiz-generator,/ko/ai-kwijeu-saengseonggi
/ko/ai-curriculum-generator,/ko/ai-keorikyulreom-saengseonggi
/ko/affiliate-program,/ko/jehyu-peurogeuraem
/ko/ai-generated-training-videos,/ko/ai-saengseong-gyoyug-bidio
/ko/ai-lesson-planner,/ko/ai-sueob-gyehoegja
/ko/ai-assessment,/ko/ai-pyeongga
/ko/ai-chatbot-tutor,/ko/ai-caesbos-tyuteo
/ko/ai-instructional-design-tool,/ko/ai-gyoyug-seolgye-dogu
/ko/ai-in-learning-and-development,/ko/hagseub-mic-gaebaleseoyi-ai
/ko/ai-for-personalized-learning,/ko/gaeinhwadoen-hagseubeul-wihan-ai
/ko/ai-course-writer,/ko/ai-koseu-jagga
/ko/ai-for-employee-training,/ko/jigweon-gyoyugeul-wihan-ai
/ko/ai-onboarding,/ko/ai-onboding
/ko/ai-infographics-maker,/ko/ai-inpogeuraepig-meikeo
/ko/enterprise,/ko/gieob
/ko/compliance-training-software,/ko/gyujeong-junsu-gyoyug-sopeuteuweeo
/ko/ai-course-outline-generator,/ko/ai-gwajeong-gaeyo-saengseonggi
/ko/mulitlingual-support,/ko/dagugeo-jiweon
/ko/free-practical-generative-ai-course,/ko/muryo-silyong-saengseong-ai-gwajeong
/ko/mobile-apps,/ko/mobail-aeb
/ko/ai-grading-tool,/ko/ai-deunggeub-dogu
/ko/small-business-lms,/ko/sogyumo-bijeuniseu-lms
/ko/sell-courses,/ko/gwajeong-panmae
/ko/ai-referencing-tool,/ko/ai-camjo-dogu
/ko/text-to-speech,/ko/tegseuteu-eumseong-byeonhwan
/ko/analytics,/ko/haeseoghag
/ko/thank-you-lms,/ko/lms-gamsahabnida
/ko/ai-elearning-authoring-tool,/ko/ai-ereoning-jeojag-dogu
/ko/elearning-development-services,/ko/ereoning-gaebal-seobiseu
/ko/partners,/ko/pateuneo
/ko/scorm-consultant,/ko/scorm-keonseolteonteu
/ko/scorm-authoring-tool,/ko/scorm-jeojag-dogu
/ko/manage-subscription,/ko/gudog-gwanri
/ko/ai-learning-platform,/ko/ai-hagseub-peulraespom
/ko/learning-experience-platform,/ko/hagseub-gyeongheom-peulraespom
/ko/branded-lms,/ko/beuraendeu-lms
/ko/lms-login,/ko/lms-rogeuin
/ko/ai-citation-tool,/ko/ai-inyong-dogu
/ko/sales-training-software,/ko/yeongeob-gyoyug-sopeuteuweeo
/ko/elearning-consultant,/ko/ereoning-keonseolteonteu
/ko/leadership-training-software,/ko/rideosib-gyoyug-sopeuteuweeo
/ko/powerpoint-to-scorm-tool,/ko/powerpointeseo-scorm-doguro
/ko/elearning-design-agency,/ko/ereoning-dijain-eijeonsi
/ko/learning-and-development-consultant,/ko/hagseub-mic-gaebal-keonseolteonteu
/ko/scorm-agency,/ko/scorm-gigwan
/ko/social-learning-lms,/ko/sosyeolreoning-lms
/ko/adult-learning-software,/ko/seongin-hagseub-sopeuteuweeo
/ko/microlearning-software,/ko/maikeuroreoning-sopeuteuweeo
/ko/elearning-ppc-agency,/ko/ereoning-ppc-eijeonsi
/ko/professional-development-software,/ko/jeonmun-gaebal-sopeuteuweeo
/ko/healthcare-lms,/ko/helseukeeo-lms
/ko/training-video-software,/ko/gyoyug-bidio-sopeuteuweeo
/ko/learning-and-development-consulting,/ko/hagseub-mic-gaebal-keonseolting
/ko/mobile-training-software,/ko/mobail-gyoyug-sopeuteuweeo
/ko/sales-lms,/ko/panmae-lms
/ko/elearning-marketing-agency,/ko/ereoning-maketing-eijeonsi
/ko/instructional-design-consultants,/ko/gyoyug-seolgye-keonseolteonteu
/ko/hospitality-training-software,/ko/hoteleob-gyoyug-sopeuteuweeo
/ko/creators,/ko/keurieiteo
/ko/real-estate,/ko/budongsan
/ko/healthcare-training-software,/ko/helseukeeo-gyoyug-sopeuteuweeo
/ko/safety-training-lms,/ko/anjeon-gyoyug-lms
/ko/agriculture,/ko/nongeob
/ko/mobile-learning-platform,/ko/mobail-hagseub-peulraespom
/ko/mobile-lms,/ko/mobail-lms
/ko/employee-training-software,/ko/jigweon-gyoyug-sopeuteuweeo
/ko/enterprise-lms,/ko/enteopeuraijeu-lms
/ko/safety-training-software,/ko/anjeon-gyoyug-sopeuteuweeo
/ko/non-profits,/ko/biyeongri-dance
/ko/technology,/ko/gisul
/ko/learning-and-skills-development-agency,/ko/hagseub-mic-gisul-gaebal-gigwan
/ko/continuing-education-software,/ko/pyeongsaenggyoyug-sopeuteuweeo
/ko/colleges-universities,/ko/dangwadaehag-mic-daehag
/ko/hospitality-lms,/ko/hoseupitalriti-lms
/ko/cpd-software,/ko/cpd-sopeuteuweeo
/ko/education-marketing-services,/ko/gyoyug-maketing-seobiseu
/ko/blended-learning-tool,/ko/honhab-hagseub-dogu
/ko/health-wellness,/ko/geongang-mic-welbing
/ko/vocational-education-software,/ko/jigeobgyoyug-sopeuteuweeo
/ko/instructional-design-services,/ko/gyoyug-seolgye-seobiseu
/ko/corporate-lms,/ko/gieob-lms
/ko/ai-education-software,/ko/ai-gyoyug-sopeuteuweeo
/ko/higher-education-marketing-services,/ko/godeunggyoyug-maketing-seobiseu
/ko/canva-lms,/ko/kaenba-lms
/ko/surveymonkey-lms,/ko/seobeimongki-lms
/ko/higher-education-digital-marketing-agency,/ko/godeunggyoyug-dijiteol-maketing-daehaengsa
/ko/elearning-content-developer,/ko/ereoning-kontenceu-gaebalja
/ko/lms-content-creation,/ko/lms-kontenceu-saengseong
/ko/about,/ko/e-daehan
/ko/blog,/ko/beulrogeu
/ko/features,/ko/teugjing
/ko/team,/ko/tim
/ko/contact,/ko/yeonraghada
/ko/integrations,/ko/tonghab
/ko/pricing,/ko/gagyeog
/ko/private-portal-agreement,/ko/gaein-poteol-gyeyag
/ko/privacy-policy,/ko/gaeinjeongbo-bohojeongcaeg
/ko/fees-and-charges,/ko/susuryo-mic-yogeum
/ko/user-agreement,/ko/sayongja-gyeyag
/ko/reviews,/ko/ribyu
/ko/book-a-demo,/ko/demo-yeyaghagi
/ja/ai-diagram-generator-from-text,/ja/tekisutokarano-ai-tu-biao-zienereta
/ja/ai-rubric-generator,/ja/ai-ruburitukuzienereta
/ja/ai-syllabus-generator,/ja/ai-sirabasu-zienereta
/ja/ai-flashcard-maker,/ja/ai-huratusiyukadomeka
/ja/ai-quiz-generator,/ja/aikuizuzienereta
/ja/ai-curriculum-generator,/ja/aikarikiyuramuzienereta
/ja/affiliate-program,/ja/ahuirieitopuroguramu
/ja/ai-generated-training-videos,/ja/ai-sheng-cheng-notoreningu-bideo
/ja/ai-lesson-planner,/ja/airetusunpuranna
/ja/ai-assessment,/ja/aiping-jia
/ja/ai-chatbot-tutor,/ja/aitiyatutobotutotiyuta
/ja/ai-instructional-design-tool,/ja/aijiao-yu-she-ji-turu
/ja/ai-in-learning-and-development,/ja/xue-xi-tokai-fa-niokeru-ai
/ja/ai-for-personalized-learning,/ja/pasonaraizusaretaxue-xi-notameno-ai
/ja/ai-course-writer,/ja/aikosuraita
/ja/ai-for-employee-training,/ja/cong-ye-yuan-yan-xiu-notamenoai
/ja/ai-onboarding,/ja/aionbodeingu
/ja/ai-infographics-maker,/ja/aiinhuogurahuitukumeka
/ja/enterprise,/ja/qi-ye
/ja/compliance-training-software,/ja/konpuraiansutoreningusohutouea
/ja/ai-course-outline-generator,/ja/ai-kosugai-yao-zienereta
/ja/mulitlingual-support,/ja/duo-yan-yu-sapoto
/ja/free-practical-generative-ai-course,/ja/wu-liao-noshi-jian-de-sheng-cheng-aikosu
/ja/mobile-apps,/ja/mobairuapuri
/ja/ai-grading-tool,/ja/aiguredeinguturu
/ja/small-business-lms,/ja/zhong-xiao-qi-ye-xiang-kelms
/ja/sell-courses,/ja/kosuwofan-mai-suru
/ja/ai-referencing-tool,/ja/aican-zhao-turu
/ja/text-to-speech,/ja/tekisutodu-mishang-ge
/ja/analytics,/ja/fen-xi
/ja/thank-you-lms,/ja/arigatou
/ja/ai-elearning-authoring-tool,/ja/ai-eraninguosaringuturu
/ja/elearning-development-services,/ja/eraningukai-fa-sabisu
/ja/partners,/ja/patona
/ja/scorm-consultant,/ja/scormkonsarutanto
/ja/scorm-authoring-tool,/ja/scorm-osaringu-turu
/ja/manage-subscription,/ja/sabusukuripusiyonwoguan-li-suru
/ja/ai-learning-platform,/ja/aixue-xi-puratutohuomu
/ja/learning-experience-platform,/ja/xue-xi-ti-yan-puratutohuomu
/ja/branded-lms,/ja/burandolms
/ja/lms-login,/ja/lmsroguin
/ja/ai-citation-tool,/ja/aiyin-yong-turu
/ja/sales-training-software,/ja/ying-ye-toreningusohutouea
/ja/elearning-consultant,/ja/eraningukonsarutanto
/ja/leadership-training-software,/ja/ridasituputoreningusohutouea
/ja/powerpoint-to-scorm-tool,/ja/powerpoint-kara-scorm-turu
/ja/elearning-design-agency,/ja/eraningudezaineziensi
/ja/learning-and-development-consultant,/ja/xue-xi-kai-fa-konsarutanto
/ja/scorm-agency,/ja/scormeziensi
/ja/social-learning-lms,/ja/sosiyaruraningulms
/ja/adult-learning-software,/ja/cheng-ren-xiang-kexue-xi-sohutouea
/ja/microlearning-software,/ja/maikuroraningusohutouea
/ja/elearning-ppc-agency,/ja/eraningu-ppc-eziensi
/ja/professional-development-software,/ja/purohuetusiyonarukai-fa-sohutouea
/ja/healthcare-lms,/ja/herusukealms
/ja/training-video-software,/ja/toreningubideosohutouea
/ja/learning-and-development-consulting,/ja/xue-xi-kai-fa-konsaruteingu
/ja/mobile-training-software,/ja/mobairutoreningusohutouea
/ja/sales-lms,/ja/serusulms
/ja/elearning-marketing-agency,/ja/eraningumaketeingueziensi
/ja/instructional-design-consultants,/ja/jiao-yu-she-ji-konsarutanto
/ja/hospitality-training-software,/ja/hosupitariteitoreningusohutouea
/ja/creators,/ja/kurieita
/ja/real-estate,/ja/bu-dong-chan
/ja/healthcare-training-software,/ja/herusukeatoreningusohutouea
/ja/safety-training-lms,/ja/an-quan-toreningulms
/ja/agriculture,/ja/nong-ye
/ja/mobile-learning-platform,/ja/mobairuxue-xi-puratutohuomu
/ja/mobile-lms,/ja/mobairulms
/ja/employee-training-software,/ja/cong-ye-yuan-yan-xiu-sohutouea
/ja/enterprise-lms,/ja/entapuraizulms
/ja/safety-training-software,/ja/an-quan-toreningusohutouea
/ja/non-profits,/ja/fei-ying-li-tuan-ti
/ja/technology,/ja/tekunorozi
/ja/learning-and-skills-development-agency,/ja/xue-xi-ji-neng-kai-fa-ting
/ja/continuing-education-software,/ja/ji-sok-jiao-yu-sohutouea
/ja/colleges-universities,/ja/da-xue
/ja/hospitality-lms,/ja/hosupitariteilms
/ja/cpd-software,/ja/cpd-sohutouea
/ja/education-marketing-services,/ja/jiao-yu-maketeingusabisu
/ja/blended-learning-tool,/ja/burendoxing-xue-xi-turu
/ja/health-wellness,/ja/jian-kang-uerunesu
/ja/vocational-education-software,/ja/zhi-ye-jiao-yu-sohutouea
/ja/instructional-design-services,/ja/jiao-yu-she-ji-sabisu
/ja/corporate-lms,/ja/qi-ye-xiang-kelms
/ja/ai-education-software,/ja/aijiao-yu-sohutouea
/ja/higher-education-marketing-services,/ja/gao-deng-jiao-yu-maketeingusabisu
/ja/surveymonkey-lms,/ja/sabeimonkilms
/ja/higher-education-digital-marketing-agency,/ja/gao-deng-jiao-yu-dezitarumaketeingueziensi
/ja/elearning-content-developer,/ja/eraningukontentukai-fa-zhe
/ja/lms-content-creation,/ja/lmskontentuzuo-cheng
/ja/about,/ja/nituite
/ja/blog,/ja/burogu
/ja/features,/ja/te-zheng
/ja/team,/ja/timu
/ja/contact,/ja/jie-chu
/ja/integrations,/ja/tong-he
/ja/pricing,/ja/jia-ge
/ja/private-portal-agreement,/ja/puraibetopotaruqi-yue
/ja/privacy-policy,/ja/puraibasiporisi
/ja/fees-and-charges,/ja/liao-jin-toshou-shu-liao
/ja/user-agreement,/ja/yuzaqi-yue
/ja/reviews,/ja/rebiyu
/ja/book-a-demo,/ja/demowoyu-yue-suru
/nl/ai-diagram-generator-from-text,/nl/ai-diagramgenerator-van-tekst
/nl/ai-rubric-generator,/nl/ai-rubriekgenerator
/nl/ai-syllabus-generator,/nl/ai-syllabusgenerator
/nl/ai-flashcard-maker,/nl/ai-flashkaartmaker
/nl/ai-quiz-generator,/nl/ai-quizgenerator
/nl/ai-curriculum-generator,/nl/ai-curriculumgenerator
/nl/affiliate-program,/nl/affiliateprogramma
/nl/ai-generated-training-videos,/nl/door-ai-gegenereerde-trainingsvideos
/nl/ai-lesson-planner,/nl/ai-lesplanner
/nl/ai-assessment,/nl/ai-beoordeling
/nl/ai-chatbot-tutor,/nl/ai-chatbot-docent
/nl/ai-instructional-design-tool,/nl/ai-instructieontwerptool
/nl/ai-in-learning-and-development,/nl/ai-in-leren-en-ontwikkeling
/nl/ai-for-personalized-learning,/nl/ai-voor-gepersonaliseerd-leren
/nl/ai-course-writer,/nl/ai-cursusschrijver
/nl/ai-for-employee-training,/nl/ai-voor-werknemerstraining
/nl/ai-infographics-maker,/nl/ai-infographicsmaker
/nl/enterprise,/nl/onderneming
/nl/compliance-training-software,/nl/software-voor-nalevingstraining
/nl/ai-course-outline-generator,/nl/generator-voor-ai-cursusoverzichten
/nl/mulitlingual-support,/nl/meertalige-ondersteuning
/nl/free-practical-generative-ai-course,/nl/gratis-praktische-generatieve-ai-cursus
/nl/mobile-apps,/nl/mobiele-apps
/nl/ai-grading-tool,/nl/ai-beoordelingstool
/nl/small-business-lms,/nl/lms-voor-kleine-bedrijven
/nl/sell-courses,/nl/cursussen-verkopen
/nl/ai-referencing-tool,/nl/ai-referentietool
/nl/text-to-speech,/nl/tekst-naar-spraak
/nl/analytics,/nl/analyse
/nl/thank-you-lms,/nl/bedankt-lms
/nl/ai-elearning-authoring-tool,/nl/ai-e-learning-auteurstool
/nl/elearning-development-services,/nl/e-learning-ontwikkelingsdiensten
/nl/scorm-consultant,/nl/scorm-adviseur
/nl/scorm-authoring-tool,/nl/scorm-auteurstool
/nl/manage-subscription,/nl/abonnement-beheren
/nl/ai-learning-platform,/nl/ai-leerplatform
/nl/learning-experience-platform,/nl/leerervaringsplatform
/nl/branded-lms,/nl/merkgebonden-lms
/nl/lms-login,/nl/lms-inlog
/nl/ai-citation-tool,/nl/ai-citatietool
/nl/sales-training-software,/nl/verkoopstraining-software
/nl/elearning-consultant,/nl/e-learning-adviseur
/nl/leadership-training-software,/nl/software-voor-leiderschapstraining
/nl/powerpoint-to-scorm-tool,/nl/powerpoint-naar-scorm-tool
/nl/elearning-design-agency,/nl/e-learning-ontwerpbureau
/nl/learning-and-development-consultant,/nl/consultant-leren-en-ontwikkeling
/nl/scorm-agency,/nl/scorm-agentschap
/nl/social-learning-lms,/nl/sociaal-leren-lms
/nl/adult-learning-software,/nl/software-voor-volwasseneneducatie
/nl/elearning-ppc-agency,/nl/e-learning-ppc-bureau
/nl/professional-development-software,/nl/professionele-ontwikkelingssoftware
/nl/healthcare-lms,/nl/gezondheidszorg-lms
/nl/training-video-software,/nl/trainings-video-software
/nl/learning-and-development-consulting,/nl/advies-over-leren-en-ontwikkeling
/nl/mobile-training-software,/nl/mobiele-trainingssoftware
/nl/sales-lms,/nl/verkoop-lms
/nl/instructional-design-consultants,/nl/consultants-voor-instructieontwerp
/nl/elearning-marketing-agency,/nl/e-learning-marketingbureau
/nl/hospitality-training-software,/nl/software-voor-gastvrijheidstraining
/nl/creators,/nl/scheppers
/nl/real-estate,/nl/vastgoed
/nl/healthcare-training-software,/nl/software-voor-gezondheidszorgtraining
/nl/safety-training-lms,/nl/veiligheidstraining-lms
/nl/agriculture,/nl/landbouw
/nl/mobile-learning-platform,/nl/mobiel-leerplatform
/nl/mobile-lms,/nl/mobiele-lms
/nl/employee-training-software,/nl/software-voor-werknemersopleidingen
/nl/enterprise-lms,/nl/bedrijfs-lms
/nl/safety-training-software,/nl/veiligheids-trainings-software
/nl/non-profits,/nl/non-profitorganisaties
/nl/technology,/nl/technologie
/nl/learning-and-skills-development-agency,/nl/agentschap-voor-leren-en-vaardighedenontwikkeling
/nl/continuing-education-software,/nl/software-voor-permanente-educatie
/nl/colleges-universities,/nl/hogescholen-universiteiten
/nl/hospitality-lms,/nl/gastvrijheid-lms
/nl/education-marketing-services,/nl/onderwijs-marketing-diensten
/nl/blended-learning-tool,/nl/blended-learning-hulpmiddel
/nl/health-wellness,/nl/gezondheid-welzijn
/nl/vocational-education-software,/nl/software-voor-beroepsonderwijs
/nl/instructional-design-services,/nl/onderwijsontwerpdiensten
/nl/corporate-lms,/nl/zakelijk-lms
/nl/ai-education-software,/nl/ai-onderwijs-software
/nl/higher-education-marketing-services,/nl/marketingdiensten-voor-hoger-onderwijs
/nl/higher-education-digital-marketing-agency,/nl/digitaal-marketingbureau-voor-hoger-onderwijs
/nl/elearning-content-developer,/nl/ontwikkelaar-van-elearning-inhoud
/nl/lms-content-creation,/nl/lms-inhoudscreatie
/nl/about,/nl/over
/nl/features,/nl/functies
/nl/integrations,/nl/integraties
/nl/pricing,/nl/prijzen
/nl/private-portal-agreement,/nl/overeenkomst-voor-priveportaal
/nl/privacy-policy,/nl/privacybeleid
/nl/fees-and-charges,/nl/tarieven-en-kosten
/nl/user-agreement,/nl/gebruikersovereenkomst
/nl/reviews,/nl/beoordelingen
/nl/book-a-demo,/nl/boek-een-demo
/ai-images-generator,/ai-image-generator
/es/blog/employee-strengths,/es/blog/fortalezas-de-los-empleados
/de/blog/best-ai-flashcard-generators,/de/blog/beste-ki-karteikartengeneratoren
/pt/blog/employee-strengths,/pt/blog/pontos-fortes-dos-colaboradores
/fr/blog/ai-for-teachers,/fr/blog/ia-pour-les-enseignants
/ar/blog/employee-strengths,/ar/blog/nqt-lqw-ld-lmwzfyn
/fr/blog/employee-strengths,/fr/blog/atouts-des-employes
/pt/blog/best-ai-quiz-generators,/pt/blog/melhores-geradores-de-questionarios-de-ia
/de/blog/ai-for-teachers,/de/blog/ki-fur-lehrer
/pt/blog/self-evaluation-examples,/pt/blog/exemplos-de-autoavaliacao
/fr/blog/best-ai-flashcard-generators,/fr/blog/meilleurs-generateurs-de-cartes-flash-ai
/pt/blog/best-ai-flashcard-generators,/pt/blog/melhores-geradores-de-flashcards-de-ia
/pt/blog/best-ai-rubric-generators,/pt/blog/melhores-geradores-de-rubricas-de-ia
/zh/blog/best-ai-infographic-generators,/zh/blog/zui-jia-ren-gong-zhi-neng-xin-xi-tu-sheng-cheng-qi
/fr/blog/best-ai-tools-for-universities,/fr/blog/meilleurs-outils-dia-pour-les-universites
/es/blog/self-evaluation-examples,/es/blog/ejemplos-de-autoevaluacion
/es/blog/best-ai-flashcard-generators,/es/blog/los-mejores-generadores-de-tarjetas-de-memoria-con-ia
/de/blog/best-ai-tools-for-universities,/de/blog/beste-ki-tools-fur-universitaten
/it/blog/self-evaluation-examples,/it/blog/esempi-di-autovalutazione
/pt/blog/best-ai-tools-for-universities,/pt/blog/melhores-ferramentas-de-ia-para-universidades
/ko/blog/best-ai-infographic-generators,/ko/blog/coegoyi-ai-inpogeuraepig-saengseonggi
/it/blog/employee-strengths,/it/blog/punti-di-forza-dei-dipendenti
/de/blog/best-ai-curriculum-generator,/de/blog/bester-ki-lehrplangenerator
/ja/blog/best-ai-tools-for-universities,/ja/blog/da-xue-nizui-shi-naaituru
/ko/blog/best-ai-tools-for-universities,/ko/blog/daehageul-wihan-coegoyi-ai-dogu
/ar/blog/best-ai-for-making-lesson-plan-slides,/ar/blog/fdl-ldhk-lstnaay-lnsh-shry-h-khtt-ldrws
/pt/blog/ai-citation-tools,/pt/blog/ferramentas-de-citacao-de-ia
/ko/blog/employee-strengths,/ko/blog/jigweonyi-gangjeom
/es/blog/what-are-learning-paths,/es/blog/cuales-son-las-rutas-de-aprendizaje
/pt/blog/best-ai-grading-tools,/pt/blog/melhores-ferramentas-de-classificacao-de-ia
/it/blog/best-ai-quiz-generators,/it/blog/migliori-generatori-di-quiz-con-intelligenza-artificiale
/es/blog/ai-tools-for-l-and-d,/es/blog/herramientas-de-inteligencia-artificial-para-aprendizaje-y-desarrollo
/it/blog/best-ai-tools-for-universities,/it/blog/migliori-strumenti-di-intelligenza-artificiale-per-le-universita
/fr/blog/types-of-learning-styles,/fr/blog/types-de-styles-dapprentissage
/es/blog/ai-citation-tools,/es/blog/herramientas-de-citacion-de-ia
/pt/blog/what-is-the-ai-for-creating-training-materials,/pt/blog/qual-e-a-ia-para-criar-materiais-de-formacao
/es/blog/best-ai-curriculum-generator,/es/blog/el-mejor-generador-de-curriculo-con-inteligencia-artificial
/es/blog/smart-learning-objectives-examples,/es/blog/ejemplos-de-objetivos-de-aprendizaje-inteligente
/ko/blog/what-is-sora,/ko/blog/soraran-mueosinga
/ar/blog/best-ai-tutoring-platforms,/ar/blog/fdl-mnst-taalym-ldhk-lstnaay
/fr/blog/best-ai-grading-tools,/fr/blog/meilleurs-outils-de-classement-dia
/zh/blog/best-ai-grading-tools,/zh/blog/zui-jia-ren-gong-zhi-neng-ping-fen-gong-ju
/es/blog/best-ai-tutoring-platforms,/es/blog/las-mejores-plataformas-de-tutoria-de-inteligencia-artificial
/ko/blog/best-ai-grading-tools,/ko/blog/coegoyi-ai-geureiding-dogu
/pt/blog/best-ai-assessment-tools,/pt/blog/melhores-ferramentas-de-avaliacao-de-ia
/es/blog/best-chatgpt-prompts-for-course-creators,/es/blog/las-mejores-sugerencias-de-chat-para-creadores-de-cursos
/pt/blog/best-ai-tutoring-platforms,/pt/blog/melhores-plataformas-de-tutoria-de-ia
/es/blog/experiential-learning-activities,/es/blog/actividades-de-aprendizaje-experiencial
/de/blog/best-ai-tutoring-platforms,/de/blog/beste-ki-nachhilfe-plattformen
/ar/blog/best-adult-education-software,/ar/blog/fdl-brmj-taalym-lkbr
/it/blog/best-ai-rubric-generators,/it/blog/migliori-generatori-di-rubriche-ai
/zh/blog/best-ai-curriculum-generator,/zh/blog/zui-jia-ren-gong-zhi-neng-ke-cheng-sheng-cheng-qi
/es/blog/merrills-principles-of-instruction,/es/blog/principios-de-instruccion-de-merrill
/ar/blog/dick-and-carey-model,/ar/blog/nmwdhj-dyk-wkry
/ko/blog/how-to-evaluate-the-effectiveness-of-a-training-program,/ko/blog/gyoyug-peurogeuraemyi-hyogwareul-pyeonggahaneun-bangbeob
/ar/blog/how-to-write-ai-prompts,/ar/blog/kyfy-ktb-rshdt-ldhk-lstnaay
/ar/blog/types-of-learning-styles,/ar/blog/nwaa-slyb-ltaalm
/es/blog/best-ai-tools-for-vocational-education,/es/blog/las-mejores-herramientas-de-ia-para-la-formacion-profesional
/ko/blog/key-performance-indicators-kpis-for-training-and-development,/ko/blog/gyoyug-mic-gaebaleul-wihan-haegsim-seonggwa-jipyo-kpi
/ko/blog/ai-for-teachers,/ko/blog/gyosareul-wihan-ai
/zh/blog/best-ai-tools-for-universities,/zh/blog/da-xue-zui-jia-ren-gong-zhi-neng-gong-ju
/ko/blog/best-ai-assessment-tools,/ko/blog/coegoyi-ai-pyeongga-dogu
/es/blog/best-ai-tools-for-instructional-designers,/es/blog/las-mejores-herramientas-de-ia-para-disenadores-instruccionales
/es/blog/how-to-write-ai-prompts,/es/blog/como-escribir-indicaciones-de-ia
/ar/blog/training-needs-analysis-questionnaire,/ar/blog/stbyn-thlyl-htyjt-ltdryb
/ko/blog/best-mobile-learning-apps,/ko/blog/coegoyi-mobail-hagseub-aeb
/es/blog/kemp-design-model-for-instructional-design,/es/blog/modelo-de-diseno-kemp-para-el-diseno-instruccional
/ja/blog/best-ai-curriculum-generator,/ja/blog/zui-gao-noaikarikiyuramuzienereta
/es/blog/dick-and-carey-model,/es/blog/modelo-de-dick-y-carey
/ko/blog/employee-development-plan-examples,/ko/blog/jigweon-gaebal-gyehoeg-sarye
/ar/blog/what-is-vocational-education-and-training-vet,/ar/blog/m-hw-ltaalym-wltdryb-lmhny-lltbyb-lbytry
/ar/blog/what-are-learning-paths,/ar/blog/m-hy-msrt-ltaalm
/ko/blog/self-evaluation-examples,/ko/blog/jagi-pyeongga-sarye
/ar/blog/adaptive-learning-platforms,/ar/blog/mnst-ltaalm-ltkyfy
/zh/blog/best-ai-tools-for-hr,/zh/blog/ren-li-zi-yuan-ling-yu-zui-jia-ren-gong-zhi-neng-gong-ju
/it/blog/ai-for-teachers,/it/blog/intelligenza-artificiale-per-gli-insegnanti
/zh/blog/best-elearning-gamification-software,/zh/blog/zui-jia-dian-zi-xue-xi-you-xi-hua-ruan-jian
/ar/blog/how-to-evaluate-the-effectiveness-of-a-training-program,/ar/blog/kyfy-tqyym-faaly-brnmj-ltdryb
/ar/blog/self-evaluation-examples,/ar/blog/mthl-aal-ltqyym-ldhty
/pt/blog/what-is-the-best-ai-to-create-online-courses,/pt/blog/qual-e-a-melhor-ia-para-criar-cursos-online
/es/blog/social-emotional-learning-tools,/es/blog/herramientas-de-aprendizaje-socioemocional
/it/blog/best-ai-flashcard-generators,/it/blog/migliori-generatori-di-flashcard-ai
/de/blog/key-performance-indicators-kpis-for-training-and-development,/de/blog/leistungskennzahlen-kpis-fur-schulung-und-entwicklung
/ar/blog/best-role-play-simulation-examples-for-learning,/ar/blog/fdl-mthl-mhk-laab-l-dwr-lltaalm
/zh/blog/best-ai-quiz-generators,/zh/blog/zui-jia-ren-gong-zhi-neng-ce-yan-sheng-cheng-qi
/zh/blog/types-of-learning-styles,/zh/blog/xue-xi-feng-ge-de-lei-xing
/ar/blog/training-games,/ar/blog/laab-tdryby
/es/blog/assure-instructional-design-model,/es/blog/asegurar-el-modelo-de-diseno-instruccional
/fr/blog/what-is-cpd,/fr/blog/quest-ce-que-le-cpd
/ko/blog/benefits-of-online-learning,/ko/blog/onrain-hagseubyi-ijeom
/ar/blog/what-is-cpd,/ar/blog/m-hw-lttwyr-lmhny-lmstmr
/ja/blog/best-ai-flashcard-generators,/ja/blog/zui-gao-noaihuratusiyukadozienereta
/pt/blog/best-role-play-simulation-examples-for-learning,/pt/blog/melhores-exemplos-de-simulacao-de-role-play-para-aprendizagem
/es/blog/adaptive-learning-platforms,/es/blog/plataformas-de-aprendizaje-adaptativo
/de/blog/best-ai-tools-for-vocational-education,/de/blog/beste-ki-tools-fur-die-berufsausbildung
/zh/blog/best-ai-tutoring-platforms,/zh/blog/zui-jia-ren-gong-zhi-neng-fu-dao-ping-tai
/ko/blog/best-free-lms,/ko/blog/coegoyi-muryo-lms
/ar/blog/hospitality-training,/ar/blog/ltdryb-aal-ldyf
/rto-duplicate-page,/ai-rto-training-materials-generator
/nl/blog/what-is-cpd,/nl/blog/wat-is-cpd
/nl/blog/best-ai-course-writing-tools,/nl/blog/beste-ai-cursus-schrijftools
/es/lms-de-capacitacion-en-seguridad-copy,/es/proveedores-de-capacitacion
/es/lms-de-capacitacion-en-seguridad-copy-2,/es/proveedores-de-capacitacion-acreditados
/es/lms-corporativo-copy,/es/incorporacion-corporativa-e-inducciones
/es/redactor-de-cursos-de-ia-copy,/es/creador-de-cursos-de-ia
/es/generador-de-rubricas-de-ia-copy,/es/generador-de-imagenes-de-ia
/es/generador-de-rubricas-de-ia-copy-2,/es/interacciones-de-ia
/de/sicherheitstraining-lms-copy,/de/schulungsanbieter
/de/sicherheitstraining-lms-copy-2,/de/akkreditierte-schulungsanbieter
/de/lms-unternehmens-copy,/de/corporate-onboarding-einfuhrungen
/de/ki-kursautor-copy,/de/ki-kursersteller
/de/ki-rubrikengenerator-copy,/de/ki-bildgenerator
/de/ki-rubrikengenerator-copy-2,/de/ki-interaktionen
/pt/formacao-de-seguranca-lms-copy,/pt/provedores-de-formacao
/pt/formacao-de-seguranca-lms-copy-2,/pt/fornecedores-de-formacao-credenciados
/pt/lms-corporativo-copy,/pt/integracao-e-inducoes-empresariais
/pt/gerador-de-rubricas-ia-copy,/pt/gerador-de-imagens-de-ia
/pt/gerador-de-rubricas-ia-copy-2,/pt/interacoes-de-ia
/pt/escritor-de-curso-de-ia-copy,/pt/criador-de-cursos-de-ia
/ar/nzm-dr-ltaalm-lltdryb-aal-lslm-copy,/ar/mqdmy-ltdryb
/ar/nzm-dr-ltaalm-lltdryb-aal-lslm-copy-2,/ar/mqdmy-ltdryb-lmaatmdyn
/ar/nzm-dr-ltaalm-llshrkt-copy,/ar/ltwjyh-wlrshd-llshrkt
/ar/ktb-dwrt-ldhk-lstnaay-copy,/ar/mnshy-dwrt-ldhk-lstnaay
/ar/mwld-maayyr-ldhk-lstnaay-copy,/ar/mwld-swr-ldhk-lstnaay
/ar/mwld-maayyr-ldhk-lstnaay-copy-2,/ar/tfaalt-ldhk-lstnaay
/fr/formation-a-la-securite-lms-copy,/fr/fournisseurs-de-formation
/fr/formation-a-la-securite-lms-copy-2,/fr/fournisseurs-de-formation-accredites
/fr/entreprise-lms-copy,/fr/integration-et-induction-en-entreprise
/fr/redacteur-de-cours-sur-lia-copy,/fr/createur-de-cours-dia
/fr/generateur-de-rubriques-dia-copy,/fr/generateur-dimages-ia
/fr/generateur-de-rubriques-dia-copy-2,/fr/interactions-de-lia
/it/formazione-sulla-sicurezza-lms-copy,/it/fornitori-di-formazione
/it/formazione-sulla-sicurezza-lms-copy-2,/it/fornitori-di-formazione-accreditati
/it/laziendale-lms-copy,/it/onboarding-e-introduzioni-aziendali
/it/autore-del-corso-di-intelligenza-artificiale-copy,/it/creatore-di-corsi-di-intelligenza-artificiale
/it/generatore-di-rubriche-ai-copy,/it/generatore-di-immagini-ai
/it/generatore-di-rubriche-ai-copy-2,/it/interazioni-dellia
/zh/an-quan-pei-xun-lms-copy,/zh/pei-xun-ji-gou
/zh/an-quan-pei-xun-lms-copy-2,/zh/ren-zheng-pei-xun-ji-gou
/zh/qiye-xue-xi-guan-li-xi-tong-copy,/zh/qi-ye-ru-zhi-pei-xun
/zh/ren-gong-zhi-neng-ke-cheng-zuo-jia-copy,/zh/ren-gong-zhi-neng-ke-cheng-chuang-jian-zhe
/zh/ren-gong-zhi-neng-ping-fen-biao-zhun-sheng-cheng-qi-copy,/zh/aitu-xiang-sheng-cheng-qi
/zh/ren-gong-zhi-neng-ping-fen-biao-zhun-sheng-cheng-qi-copy-2,/zh/ren-gong-zhi-neng-hu-dong
/ko/anjeon-gyoyug-lms-copy,/ko/gyoyug-jegongja
/ko/anjeon-gyoyug-lms-copy-2,/ko/gongin-gyoyug-jegongja
/ko/gieob-lms-copy,/ko/gieob-onboding-mic-indeogsyeon
/ko/ai-koseu-jagga-copy,/ko/ai-koseu-saengseonggi
/ko/ai-rubeurig-saengseonggi-copy,/ko/ai-imiji-saengseonggi
/ko/ai-rubeurig-saengseonggi-copy-2,/ko/ai-sanghojagyong
/ja/an-quan-toreningulms-copy,/ja/toreningupurobaida
/ja/an-quan-toreningulms-copy-2,/ja/ren-ding-toreningupurobaida
/ja/qi-ye-xiang-kelms-copy,/ja/qi-ye-noonbodeingutoru-she-orientesiyon
/ja/aikosuraita-copy,/ja/aikosukurieita
/ja/ai-ruburitukuzienereta-copy,/ja/aihua-xiang-zienereta
/ja/ai-ruburitukuzienereta-copy-2,/ja/aiintarakusiyon
/nl/veiligheidstraining-lms-copy,/nl/opleidingsaanbieders
/nl/veiligheidstraining-lms-copy-2,/nl/geaccrediteerde-opleidingsaanbieders
/nl/zakelijk-lms-copy,/nl/bedrijfsonboarding-en-introducties
/nl/ai-cursusschrijver-copy,/nl/ai-cursusmaker
/nl/ai-rubriekgenerator-copy,/nl/ai-beeldgenerator
/nl/ai-rubriekgenerator-copy-2,/nl/ai-interacties
/pt/blog/types-of-learning-styles,/pt/blog/tipos-de-estilos-de-aprendizagem
/es/blog/best-skills-assessment-software,/es/blog/software-de-evaluacion-de-mejores-habilidades
/ar/blog/what-is-continuing-education,/ar/blog/m-hw-ltaalym-lmstmr
/fr/blog/white-label-lms,/fr/blog/lms-en-marque-blanche
/de/blog/what-is-sora,/de/blog/was-ist-sora
/es/blog/best-elearning-gamification-software,/es/blog/el-mejor-software-de-gamificacion-para-e-learning
/ar/blog/best-online-quiz-software,/ar/blog/fdl-brmj-lkhtbrt-aabr-lntrnt
/de/blog/best-compliance-training-software,/de/blog/beste-compliance-schulungssoftware
/fr/blog/types-of-training-modules,/fr/blog/types-de-modules-de-formation
/es/blog/10-best-ai-training-video-generation-tools-in-2025,/es/blog/las-10-mejores-herramientas-para-generar-videos-de-formacion-en-ia-de-2025
/ar/blog/cyber-security-training-for-employees,/ar/blog/tdryb-lmwzfyn-aal-l-mn-lsybrny
/es/blog/corporate-training-best-practices,/es/blog/mejores-practicas-de-capacitacion-corporativa
/it/blog/blooms-taxonomy-ai,/it/blog/tassonomia-blooms-ai
/fr/blog/best-branded-learning-platform,/fr/blog/meilleure-plateforme-dapprentissage-de-marque
/es/blog/elearning-gamification-tools,/es/blog/herramientas-de-gamificacion-y-aprendizaje-electronico
/es/blog/best-udemy-alternatives,/es/blog/las-mejores-alternativas-a-udemy
/es/blog/employee-mobility,/es/blog/movilidad-de-los-empleados
/zh/blog/how-to-become-a-corporate-trainer,/zh/blog/ru-he-cheng-wei-yi-ming-qi-ye-pei-xun-shi
/es/blog/how-to-train-new-hires-in-10-simple-steps,/es/blog/como-capacitar-a-nuevos-empleados-en-10-sencillos-pasos
/es/blog/virtual-training,/es/blog/capacitacion-virtual
/de/blog/how-ai-is-revolutionizing-employee-training-programs-a-hr-manager-s-guide,/de/blog/wie-ki-schulungsprogramme-fur-mitarbeiter-revolutioniert---ein-leitfaden-fur-personalmanager
/pt/blog/best-ai-tools-for-small-businesses,/pt/blog/melhores-ferramentas-de-ia-para-pequenas-empresas
/es/blog/microlearning,/es/blog/microaprendizaje
/fr/blog/best-open-source-learning-management-systems,/fr/blog/meilleurs-systemes-de-gestion-de-lapprentissage-open-source
/it/blog/types-of-learning-styles,/it/blog/tipi-di-stili-di-apprendimento
/de/blog/ai-tools-future-of-personalized-learning,/de/blog/ki-tools---zukunft-des-personalisierten-lernens
/de/blog/arcs-model-instructional-design,/de/blog/arc-modell-lehrdesign
/de/blog/best-ai-courses,/de/blog/beste-ki-kurse
/de/blog/passive-income-from-selling-online-courses,/de/blog/passives-einkommen-durch-den-verkauf-von-online-kursen
/de/blog/best-kajabi-alternatives,/de/blog/beste-kajabi-alternativen
/es/blog/ai-tools-future-of-personalized-learning,/es/blog/herramientas-de-inteligencia-artificial-el-futuro-del-aprendizaje-personalizado
/ko/blog/best-chatgpt-prompts-for-course-creators,/ko/blog/koseu-jejagjareul-wihan-coegoyi-caetinggpt-peurompeuteu
/ko/blog/what-is-a-learning-experience-platform,/ko/blog/hagseub-gyeongheom-peulraespomiran-mueosinga
/ar/blog/student-retention,/ar/blog/lhtfz-bltlb
/fr/blog/what-is-vocational-education-and-training-vet,/fr/blog/quest-ce-que-la-formation-professionnelle-veterinaire
/zh/blog/benefits-of-online-learning,/zh/blog/shi-me-shi-zhi-ye-jiao-yu-he-pei-xun-shou-yi
/zh/blog/cyber-security-training-for-employees,/zh/blog/yuan-gong-wang-luo-an-quan-pei-xun
/es/blog/verification-of-competency-voc-and-who-needs-it,/es/blog/verificacion-de-competencias-voc-y-quien-la-necesita
/es/blog/what-is-an-rto,/es/blog/que-es-un-rto
/it/blog/experiential-learning-activities,/it/blog/attivita-di-apprendimento-esperienziale
/zh/blog/smart-learning-objectives-examples,/zh/blog/zhi-neng-xue-xi-mu-biao-shi-li
/ja/blog/how-to-sell-online-courses-on-udemy,/ja/blog/udemydeonrainkosuwofan-mai-surufang-fa
/de/blog/lms-implementation,/de/blog/lms-implementierung
/es/blog/how-to-create-training-modules,/es/blog/como-crear-modulos-de-capacitacion
/it/blog/how-to-be-resourceful-when-learning,/it/blog/come-essere-intraprendenti-quando-si-impara
/de/blog/can-ai-create-a-course,/de/blog/kann-ki-einen-kurs-erstellen
/es/blog/best-healthcare-lms,/es/blog/mejores-peliculas-de-atencion-medica
/es/blog/hybrid-learning-vs-blended-learning,/es/blog/aprendizaje-hibrido-vs-aprendizaje-combinado
/fr/blog/articulate-360-ai-features-whats-available-and-whats-missing,/fr/blog/fonctionnalites-darticulate-360-ai-ce-qui-est-disponible-et-ce-qui-manque
/fr/blog/best-healthcare-lms,/fr/blog/meilleurs-lms-de-sante
/fr/blog/how-to-improve-training-sessions,/fr/blog/comment-ameliorer-les-seances-de-formation
/fr/blog/what-is-an-ai-based-lms,/fr/blog/quest-ce-quun-lms-base-sur-lia
/ja/blog/sales-training-strategies,/ja/blog/ying-ye-toreninguzhan-lue
/nl/blog/best-free-course-authoring-tools,/nl/blog/beste-gratis-cursus-schrijftools
/fr/blog/microlearning-examples,/fr/blog/exemples-de-microapprentissage
/ko/blog/microlearning,/ko/blog/maikeuroreoning
/es/blog/articulate-360-ai-features-whats-available-and-whats-missing,/es/blog/articulate-360-ai-caracteristicas-disponibilidad-y-falta
/es/blog/best-online-induction-training-software,/es/blog/el-mejor-software-de-capacitacion-de-induccion-en-linea
/es/blog/how-to-use-ai-to-automate-training-administration-tasks,/es/blog/como-usar-ia-para-automatizar-las-tareas-de-administracion-de-capacitacion
/nl/blog/best-ai-slide-deck-generators,/nl/blog/beste-ai-slide-deck-generatoren
/de/blog/best-teachable-alternatives,/de/blog/beste-lehrbare-alternativen
/fr/blog/how-to-evaluate-the-effectiveness-of-a-training-program,/fr/blog/comment-evaluer-lefficacite-dun-programme-de-formation
/de/blog/best-ai-tools-for-instructional-designers,/de/blog/beste-ki-tools-fur-lehrplangestalter
/de/blog/cognitive-load-management,/de/blog/kognitive-belastungsbewaltigung
/es/blog/10-best-skills-management-software,/es/blog/los-10-mejores-software-de-gestion-de-habilidades
/fr/blog/overcoming-retail-training-challenges,/fr/blog/surmonter-les-defis-de-la-formation-au-commerce-de-detail
/es/blog/generative-ai-s-role-in-enhancing-online-education,/es/blog/el-papel-de-la-ia-generativa-en-la-mejora-de-la-educacion-en-linea
/ar/blog/best-online-coaching-platform,/ar/blog/fdl-mns-tdryb-aabr-lntrnt
/es/blog/best-online-coaching-platform,/es/blog/la-mejor-plataforma-de-coaching-en-linea
/de/blog/best-online-coaching-platform,/de/blog/beste-online-coaching-plattform
/fr/blog/best-online-coaching-platform,/fr/blog/meilleure-plateforme-de-coaching-en-ligne
/pt/blog/best-online-coaching-platform,/pt/blog/melhor-plataforma-de-coaching-online
/it/blog/best-online-coaching-platform,/it/blog/migliore-piattaforma-di-coaching-online
/zh/blog/best-online-coaching-platform,/zh/blog/zui-jia-zai-xian-fu-dao-ping-tai
/ko/blog/best-online-coaching-platform,/ko/blog/coegoyi-onrain-kocing-peulraespom
/ja/blog/best-online-coaching-platform,/ja/blog/zui-gao-noonrainkotingupuratutohuomu
/nl/blog/best-online-coaching-platform,/nl/blog/beste-online-coachingplatform
/de/blog/freely-available-ai-tools,/de/blog/frei-verfugbare-ki-tools
/nl/blog/10-beste-tools-voor-het-genereren-van-ai-trainingsvideos-in-2025,/blog/10-best-ai-training-video-generation-tools-in-2025
/pt/blog/types-of-employee-training-programs,/pt/blog/tipos-de-programas-de-formacao-de-funcionarios
/es/blog/elearning-apps,/es/blog/aplicaciones-de-aprendizaje-electronico
/pt/blog/best-elearning-gamification-software,/pt/blog/melhor-software-de-gamificacao-de-e-learning
/pt/lms-de-ia,/pt/ead-plataforma
/fr/blog/meilleure-plateforme-dapprentissage-de-marque,/fr/blog/meilleure-plateforme-e-learning-de-marque
/es/blog/herramientas-de-gamificacion-y-aprendizaje-electronico,/es/blog/el-mejor-software-de-gamificacion-para-elearning
/es/blog/herramientas-de-gamificacion,/es/blog/el-mejor-software-de-gamificacion-para-elearning
/blog/elearning-gamification-tools,/blog/gamification-tools
/es/blog/movilidad-de-los-empleados,/es/blog/movilidad-de-los-profesional
/blog/schons-reflective-model-and-its-role-in-e-learning,/blog/schons-reflective-model
/de/blog/wie-ki-schulungsprogramme-fur-mitarbeiter-revolutioniert---ein-leitfaden-fur-personalmanager,/de/blog/einsatz-ki-mitarbeiterschulung
/it/blog/best-scorm-lms,/it/blog/migliori-lms-scorm
/es/blog/types-of-employee-training-programs,/es/blog/tipos-de-programas-de-capacitacion-para-empleados
/es/blog/types-of-learning-styles,/es/blog/tipos-de-estilos-de-aprendizaje
/es/blog/el-mejor-software-de-gamificacion-para-e-learning,/es/blog/el-mejor-software-de-gamificacion-para-elearning
/blog/best-ai-educational-video-makers,/blog/best-ai-educational-video-generators
/es/blog/best-ai-infographic-generators,/es/blog/las-mejores-generadoras-de-infografia
/fr/blog/elearning-apps,/fr/blog/applications-dapprentissage-en-ligne
/ar/blog/best-ai-tools-for-universities,/ar/blog/fdl-dwt-ldhk-lstnaay-lljmaat
/de/blog/best-ai-infographic-generators,/de/blog/beste-ki-infografik-generatoren
/fr/blog/best-ai-quiz-generators,/fr/blog/meilleurs-generateurs-de-quiz-dia
/es/blog/best-ai-assessment-tools,/es/blog/las-mejores-herramientas-de-evaluacion-de-ia
/es/blog/best-role-play-simulation-examples-for-learning,/es/blog/mejores-ejemplos-de-simulacion-de-juegos-de-rol-para-el-aprendizaje
/es/blog/best-ai-course-creation-tools,/es/blog/las-mejores-herramientas-para-crear-cursos-con-inteligencia-artificial
/pt/blog/best-ead-platforms-for-online-education,/pt/blog/melhores-plataformas-de-ead-para-a-educacao-online
/?r=0,/
/book-a-demo,/demo
/ar/hjz-aardan-twdyhyan,/ar/aleard-altawdihiu
/es/reservar-una-demostracion,/es/manifestacion
/es/manifestacion,/es/demostracion
/de/demo-buchen,/de/demoversion
/fr/reserver-une-demo,/fr/demo
/pt/agende-uma-demonstracao,/pt/demonstracao
/it/prenota-una-demo,/it/dimostrazione
/zh/yu-ding-yan-shi,/zh/yanshi
/ko/demo-yeyaghagi,/ko/demo
/ja/demowoyu-yue-suru,/ja/demo
/nl/boek-een-demo,/nl/demonstratie
/de/blog/elearning-gamification,/de/blog/e-learning-gamification
/ai-generated-training-videos,/ai-training-video-generator
/branded-lms,/white-label-lms
/ja/eieruesu,/ja/ai-lms
/ar/nzm-dr-ltaalm-dhw-laalm-ltjry,/ar/nizam-iidarat-altaealum-bialealamat-albayda
/es/lms-de-marca,/es/lms-de-marca-blanca
/de/marken-lms,/de/white-label-lms
/fr/lms-de-marque,/fr/lms-en-marque-blanche
/pt/lms-de-marca,/pt/lms-de-etiqueta-branca
/it/lms-di-marca,/it/white-label-lms
/zh/pin-pai-lms,/zh/bai-biao-lms
/ko/beuraendeu-lms,/ko/hwaiteu-rabel-lms
/ja/burandolms,/ja/howaitoreberu-lms
/nl/merkgebonden-lms,/nl/white-label-lms
/ai-assessment,/ai-grading-tool
/ai-grading-tool,/ai-grading
/microlearning-software,/microlearning-platform
/ar/brnmj-ltaalm-lmsgr,/ar/mns-ltaalm-lmsgr
/es/software-de-microaprendizaje,/es/plataforma-de-microaprendizaje
/de/microlearning-software,/de/microlearning-platform
/fr/logiciel-de-micro-apprentissage,/fr/plateforme-de-microlearning
/pt/software-de-microaprendizagem,/pt/plataforma-de-microlearning
/it/software-di-microapprendimento,/it/piattaforma-di-microlearning
/zh/wei-xue-xi-ruan-jian,/zh/wei-xue-xi-ping-tai
/ko/maikeuroreoning-sopeuteuweeo,/ko/maikeuroreoning-peulraespom
/ja/maikuroraningusohutouea,/ja/maikuroraningupuratutohuomu
/nl/microlearning-software,/nl/microlearning-platform
/es/creador-de-tarjetas-didacticas-con-ia,/es/generador-de-tarjetas
/es/peliculas-de-inteligencia-artificial,/es/plataforma-lms
/es/videos-de-formacion-generados-por-ia,/es/ai-creador-de-videos
/es/generador-de-cuestionarios-de-ia,/es/creador-de-cuestionarios
/pt/ead-plataforma,/pt/platforma-ead
/pt/videos-de-treino-gerados-por-ia,/pt/criador-de-videos-ia
/pt/gerador-de-quiz-de-ia,/pt/quiz-ia
/pt/ferramenta-de-classificacao-de-ia,/pt/classificacao-ia
/pt/lms-de-etiqueta-branca,/pt/plataforma-ead-white-label
/de/ki-karteikarten-ersteller,/de/ki-karteikarten-erstellen
/de/ki-lms,/de/ki-lms-plattform
/de/ki-generierte-schulungsvideos,/de/ki-video-generator
/de/ki-quiz-generator,/de/ki-quizgenerator
/ai-course-creator,/
/ar/mnshy-dwrt-ldhk-lstnaay,/ar
/es/creador-de-cursos-de-ia,/es
/de/ki-kursersteller,/de
/fr/createur-de-cours-dia,/fr
/pt/criador-de-cursos-de-ia,/pt
/it/creatore-di-corsi-di-intelligenza-artificiale,/it
/zh/ren-gong-zhi-neng-ke-cheng-chuang-jian-zhe,/zh
/ko/ai-koseu-saengseonggi,/ko
/ja/aikosukurieita,/ja
/nl/ai-cursusmaker,/nl
/es/ai-creador-de-videos,/es/ia-creador-de-videos
